,State,Area,Event,Severity,Certainty,Urgency,Effective,Ends,Description
0,AK,Copper River Basin,Flood Advisory,Minor,Likely,Expected,2022-06-04T10:30:00-08:00,2022-06-08T14:00:00-08:00,"['* WHAT...Flooding caused by snowmelt continues due to warmer\ntemperatures.', '* WHERE...The northern Copper River Basin along the Gulkana River\nand along Lake Louise Road.', '* WHEN...Until 200 PM AKDT Wednesday.', '* IMPACTS...The Gulkana River is above bank-full. Expect bank-full\nand high water conditions on other area rivers and streams,\nincluding the Copper River, due to snowmelt.', '* ADDITIONAL DETAILS...\n- At 1028 AM AKDT, Alaska DOT officials report there is still\nwater across Lake Louise Road at milepost 16.5 and is\nblocking the road.', '\n- For Gulkana River at Sourdough:\nAt 9:15am the stage was 11.8 feet.\nFlood Stage is 11.0 feet.\nForecast: A crest around 11.7 feet is expected around 4:00pm\nSaturday.\n- http://www.weather.gov/safety/flood']"
0,AR,"Crawford, AR; Sebastian, AR",Flood Advisory,Minor,Likely,Expected,2022-06-06T04:37:00-05:00,2022-06-06T07:45:00-05:00,"['* WHAT...Flooding caused by excessive rainfall is expected.', '* WHERE...Portions of northwest Arkansas and west central Arkansas,\nincluding the following counties, in northwest Arkansas, Crawford.\nIn west central Arkansas, Sebastian.', '* WHEN...Until 745 AM CDT.', '* IMPACTS...Minor flooding in low-lying and poor drainage areas.', '* ADDITIONAL DETAILS...\n- At 436 AM CDT, Doppler radar indicated heavy rain due to\nthunderstorms approaching Fort Smith area. Minor flooding is\nexpected to begin shortly in the advisory area.\n- Additional rainfall amounts of 1 to 2 inches are expected\nover the area. This additional rain will result in minor\nflooding.\n- Some locations that will experience flooding include...\nFort Smith...                      Van Buren...\nBarling...                         Fort Smith Regional\nAirport...\nMill Creek...                      Dora...\n- http://www.weather.gov/safety/flood']"
1,AR,"White, AR; Woodruff, AR",Flood Warning,Severe,Observed,Immediate,2022-06-05T19:52:00-05:00,2022-06-10T07:00:00-05:00,"['* WHAT...Minor flooding is occurring and minor flooding is forecast.', '* WHERE...White River At Augusta.', '* WHEN...Until Friday morning.', '* IMPACTS...At 26.0 feet, Farm ground along the river in White and\nWoodruff counties begin to flood. Seasonal agricultural impacts.', '* ADDITIONAL DETAILS...\n- At 7:00 PM CDT Sunday the stage was 27.0 feet.\n- Forecast...The river is expected to fall below flood stage\nearly Thursday morning and continue falling to 23.2 feet\nWednesday, June 15.\n- Flood stage is 26.0 feet.']"
2,AR,"Arkansas, AR; Monroe, AR",Flood Warning,Severe,Observed,Immediate,2022-06-05T19:52:00-05:00,2022-06-09T19:00:00-05:00,"['* WHAT...Minor flooding is occurring and minor flooding is forecast.', '* WHERE...White River At Clarendon.', '* WHEN...Until Thursday evening.', '* IMPACTS...At 26.0 feet, River flows in many side channels and\ncreates islands between the river and sloughs and creeks. Flooding\nof cropland and timber is occurring. Portions of the National\nWildlife Refuge downstream of Clarendon flooding.', '* ADDITIONAL DETAILS...\n- At 7:00 PM CDT Sunday the stage was 27.0 feet.\n- Forecast...The river is expected to fall below flood stage\nearly Wednesday afternoon and continue falling to 24.2 feet\nWednesday, June 15.\n- Flood stage is 26.0 feet.']"
3,AR,"Jackson, AR; Woodruff, AR",Flood Warning,Severe,Observed,Immediate,2022-06-03T09:50:00-05:00,2022-06-06T13:00:00-05:00,"['* WHAT...Minor flooding is occurring and minor flooding is forecast.', '* WHERE...Cache River Near Patterson.', '* WHEN...Until early Monday afternoon.', '* IMPACTS...At 8.0 feet, Low swampy timberland along the river\nbegins to flood.\nAt 9.0 feet, Low swampy timberland along the river begins to\nflood. Flood gates should be closed and equipment moved out of the\nlow grounds along the river and tributaries.\nAt 10.0 feet, Pastureland and cropland not protected by levees in\nJackson and Woodruff counties affected. Water is over portions of\nState Highway 37 and deep along the shoulders of State Highway 18\nnear Grubbs. Water over portions of Woodruff County Road 775 north\nof State Highway 260.', '* ADDITIONAL DETAILS...\n- At 9:15 AM CDT Friday the stage was 9.5 feet.\n- Forecast...The river is expected to rise to a crest of 9.6\nfeet this afternoon (Friday June 3). It will then fall below\nflood stage on Sunday morning.\n- Flood stage is 9.0 feet.']"
0,AZ,Grand Canyon Country,Excessive Heat Watch,Severe,Likely,Future,2022-06-06T02:55:00-07:00,2022-06-08T21:00:00-07:00,"['* WHAT...Dangerously hot conditions with temperatures between 110\nand 115 possible.', '* WHERE...Grand Canyon, especially near Phantom Ranch.', '* WHEN...From Wednesday morning through Wednesday evening.', '* IMPACTS...Extreme heat will significantly increase the\npotential for heat related illnesses, particularly for those\nworking or participating in outdoor activities.', '* ADDITIONAL DETAILS...Dangerously hot conditions are expected to\ncontinue through the weekend.']"
1,AZ,Western Pima County Including Ajo/Organ Pipe Cactus National Monument; Tohono O'odham Nation including Sells; Tucson Metro Area including Tucson/Green Valley/Marana/Vail; South Central Pinal County including Eloy/Picacho Peak State Park; Southeast Pinal County including Kearny/Mammoth/Oracle; Upper Gila River and Aravaipa Valleys including Clifton/Safford,Excessive Heat Watch,Severe,Likely,Future,2022-06-06T02:19:00-07:00,2022-06-12T19:00:00-07:00,"['* WHAT...Dangerously hot conditions with maximum temperatures\nbetween 103 and 110 possible.', ""* WHERE...Western Pima County, Tohono O'odham Nation, Tucson\nMetro Area, South Central Pinal County, Southeast Pinal County\nand Upper Gila River Valley."", '* WHEN...From Thursday morning through Sunday evening. Saturday\nand Sunday look to be the hottest days.', '* IMPACTS...High Heat Risk will significantly increase the\npotential for heat related illnesses, including heat cramps,\nheat exhaustion, and heat stroke.']"
2,AZ,Northwest Valley; Buckeye/Avondale; Cave Creek/New River; Deer Valley; Central Phoenix; North Phoenix/Glendale; Scottsdale/Paradise Valley; East Valley; Fountain Hills/East Mesa; South Mountain/Ahwatukee; Southeast Valley/Queen Creek,Excessive Heat Watch,Severe,Likely,Future,2022-06-06T01:25:00-07:00,2022-06-13T20:00:00-07:00,"['* WHAT...Dangerously hot conditions possible. Afternoon\ntemperatures 108 to 114.', '* WHERE...Portions of south central Arizona.', '* WHEN...From Wednesday morning through Monday evening. The\nhottest days are expected to be Saturday and Sunday.', '* IMPACTS...Very High Heat Risk. Increase in heat related\nillnesses, including heat cramps, heat exhaustion, and heat\nstroke. Heat stroke can lead to death.']"
3,AZ,Aguila Valley; Tonopah Desert; Gila Bend; Northwest Pinal County; West Pinal County; Sonoran Desert Natl Monument,Excessive Heat Watch,Severe,Likely,Future,2022-06-06T01:25:00-07:00,2022-06-12T20:00:00-07:00,"['* WHAT...Dangerously hot conditions possible. Afternoon\ntemperatures 108 to 114.', '* WHERE...Aguila Valley, Tonopah Desert, Gila Bend, Northwest\nPinal County, West Pinal County and Sonoran Desert National\nMonument.', '* WHEN...From Thursday morning through Sunday evening. The\nhottest days are expected to be Saturday and Sunday.', '* IMPACTS...Very High Heat Risk. Increase in heat related\nillnesses, including heat cramps, heat exhaustion, and heat\nstroke. Heat stroke can lead to death.']"
4,AZ,Parker Valley; Kofa; Yuma; Central La Paz; Southeast Yuma County; Gila River Valley; Joshua Tree NP East; Imperial County Southwest; Salton Sea; Chuckwalla Mountains; Imperial County Southeast; Imperial County West; Imperial Valley; Chiriaco Summit; Palo Verde Valley; Chuckwalla Valley,Excessive Heat Watch,Severe,Likely,Future,2022-06-06T01:25:00-07:00,2022-06-12T20:00:00-07:00,"['* WHAT...Dangerously hot conditions possible. Afternoon\ntemperatures 107 to 116.', '* WHERE...Portions of southwest Arizona and southeast and\nsouthern California.', '* WHEN...From Thursday morning through Sunday evening. The\nhottest days are expected to be Saturday and Sunday.', '* IMPACTS...High Heat Risk. Overexposure can cause heat cramps\nand heat exhaustion to develop and, without intervention, can\nlead to heat stroke.']"
5,AZ,New River Mesa; Rio Verde/Salt River; Superior; Apache Junction/Gold Canyon; Tonto Basin; San Carlos; Dripping Springs; Globe/Miami,Excessive Heat Watch,Severe,Likely,Future,2022-06-06T01:25:00-07:00,2022-06-12T20:00:00-07:00,"['* WHAT...Dangerously hot conditions possible. Afternoon\ntemperatures 102 to 112.', '* WHERE...New River Mesa, Rio Verde/Salt River, Superior, Apache\nJunction/Gold Canyon, Tonto Basin, San Carlos, Dripping\nSprings and Globe/Miami.', '* WHEN...From Thursday morning through Sunday evening.', '* IMPACTS...High Heat Risk. Overexposure can cause heat cramps\nand heat exhaustion to develop and, without intervention, can\nlead to heat stroke.']"
0,CA,Mojave Desert Slopes,Wind Advisory,Moderate,Likely,Expected,2022-06-06T01:42:00-07:00,2022-06-06T07:00:00-07:00,"['* WHAT...Northwest winds 25 to 35 mph with gusts up to 55 mph\nexpected.', '* WHERE...Mojave Desert Slopes.', '* WHEN...Through 7 AM PDT Monday.', '* IMPACTS...Gusty winds could blow around unsecured objects.\nTree limbs could be blown down and a few power outages may\nresult.']"
1,CA,Parker Valley; Kofa; Yuma; Central La Paz; Southeast Yuma County; Gila River Valley; Joshua Tree NP East; Imperial County Southwest; Salton Sea; Chuckwalla Mountains; Imperial County Southeast; Imperial County West; Imperial Valley; Chiriaco Summit; Palo Verde Valley; Chuckwalla Valley,Excessive Heat Watch,Severe,Likely,Future,2022-06-06T01:25:00-07:00,2022-06-12T20:00:00-07:00,"['* WHAT...Dangerously hot conditions possible. Afternoon\ntemperatures 107 to 116.', '* WHERE...Portions of southwest Arizona and southeast and\nsouthern California.', '* WHEN...From Thursday morning through Sunday evening. The\nhottest days are expected to be Saturday and Sunday.', '* IMPACTS...High Heat Risk. Overexposure can cause heat cramps\nand heat exhaustion to develop and, without intervention, can\nlead to heat stroke.']"
2,CA,Ventura County Mountains; Los Angeles County Mountains,Wind Advisory,Moderate,Likely,Expected,2022-06-05T22:27:00-07:00,2022-06-07T08:00:00-07:00,"['* WHAT...Northwest winds 15 to 25 mph with gusts up to 50 mph\nexpected. There will be a lull in the winds from mid morning\nMonday through mid afternoon Monday.', '* WHERE...Ventura County Mountains and Los Angeles County\nMountains. Strongest near the Interstate 5 corridor.', '* WHEN...From 5 PM this afternoon to 8 AM PDT Tuesday.', '* IMPACTS...Gusty winds will blow around unsecured objects and\nmake driving difficult, especially for high profile vehicles.\nTree limbs could be blown down and a few power outages may\nresult.']"
3,CA,Santa Ynez Mountains Eastern Range,Wind Advisory,Moderate,Likely,Expected,2022-06-05T22:27:00-07:00,2022-06-07T08:00:00-07:00,"['* WHAT...North winds 25 to 35 mph with gusts up to 50 mph\nexpected. There will be a lull in the winds from mid morning\nMonday through mid afternoon Monday.', '* WHERE...Santa Ynez Mountains Eastern Range. Strongest in the\nfoothills above Santa Barbara to Montecito Hills.', '* WHEN...From 5 PM this afternoon to 8 AM PDT Tuesday.', '* IMPACTS...Gusty winds will blow around unsecured objects and\nmake driving difficult, especially for high profile vehicles.\nTree limbs could be blown down and a few power outages may\nresult.']"
4,CA,Santa Barbara County Southwestern Coast; Santa Ynez Mountains Western Range,Wind Advisory,Moderate,Likely,Expected,2022-06-05T22:27:00-07:00,2022-06-06T06:00:00-07:00,"['* WHAT...Northwest to north winds 20 to 35 mph with gusts of 40 to\n55 mph expected. There will be a lull in the winds from mid\nmorning Monday through mid afternoon Monday.', '* WHERE...Santa Ynez Mountains Western Range and Santa Barbara\nCounty Southwestern Coast.', '* WHEN...Until 6 AM PDT Monday.', '* IMPACTS...Gusty winds will blow around unsecured objects and\nmake driving difficult, especially for high profile vehicles.\nTree limbs could be blown down and a few power outages may\nresult. Major roadways that will be impacted by the gusty winds\ninclude Highways 101 and 154 through Gaviota and San Marcos\nPasses.']"
5,CA,Santa Ynez Mountains Eastern Range,Wind Advisory,Moderate,Likely,Expected,2022-06-05T13:57:00-07:00,2022-06-07T08:00:00-07:00,"['* WHAT...North winds 25 to 35 mph with gusts up to 50 mph\nexpected.', '* WHERE...Santa Ynez Mountains Eastern Range. Strongest in the\nfoothills above Santa Barbara to Montecito Hills.', '* WHEN...From 5 PM this afternoon to 8 AM PDT Tuesday.', '* IMPACTS...Gusty winds will blow around unsecured objects and\nmake driving difficult, especially for high profile vehicles.\nTree limbs could be blown down and a few power outages may\nresult.']"
6,CA,Ventura County Mountains; Los Angeles County Mountains,Wind Advisory,Moderate,Likely,Expected,2022-06-05T13:57:00-07:00,2022-06-07T08:00:00-07:00,"['* WHAT...Northwest winds 15 to 25 mph with gusts up to 50 mph\nexpected.', '* WHERE...Ventura County Mountains and Los Angeles County\nMountains. Strongest near the Interstate 5 corridor.', '* WHEN...From 5 PM this afternoon to 8 AM PDT Tuesday.', '* IMPACTS...Gusty winds will blow around unsecured objects and\nmake driving difficult, especially for high profile vehicles.\nTree limbs could be blown down and a few power outages may\nresult.']"
7,CA,Santa Barbara County Southwestern Coast; Santa Ynez Mountains Western Range,Wind Advisory,Moderate,Likely,Expected,2022-06-05T13:57:00-07:00,2022-06-06T06:00:00-07:00,"['* WHAT...Northwest to north winds 20 to 35 mph with gusts of 40\nto 55 mph expected.', '* WHERE...Santa Ynez Mountains Western Range and Santa Barbara\nCounty Southwestern Coast.', '* WHEN...Until 6 AM PDT Monday.', '* IMPACTS...Gusty winds will blow around unsecured objects and\nmake driving difficult, especially for high profile vehicles.\nTree limbs could be blown down and a few power outages may\nresult. Major roadways that will be impacted by the gusty\nwinds include Highways 101 and 154 through Gaviota and San\nMarcos Passes.']"
8,CA,Mojave Desert Slopes,Wind Advisory,Moderate,Likely,Expected,2022-06-05T08:51:00-07:00,2022-06-06T07:00:00-07:00,"['* WHAT...Northwest winds 25 to 35 mph with gusts up to 55 mph\nexpected.', '* WHERE...Mojave Desert Slopes.', '* WHEN...From 2 PM this afternoon to 7 AM PDT Monday.', '* IMPACTS...Gusty winds could blow around unsecured objects.\nTree limbs could be blown down and a few power outages may\nresult.', '* ADDITIONAL DETAILS...Highways affected include, but are not\nlimited to Highway 14, Highway 178 through and below Walker\nPass, and Highway 58 through and below the Tehachapi Pass,\nincluding the town of Mojave.']"
0,ID,"Blaine, ID",Flood Advisory,Minor,Observed,Expected,2022-06-05T11:29:00-06:00,2022-06-07T18:00:00-06:00,"['* WHAT...Flooding caused by snowmelt continues.', '* WHERE...Big Wood River at Hailey.', '* WHEN...Until Tuesday evening.', '* IMPACTS...At 3.7 feet, or 1199 cfs... Near bankfull from Ketchum\ndown-river to Glendale Road Bridge south of Bellevue. Some lowland\nseepage and ponding is possible in residential areas near the\nriver especially in the Della View subdivision on far western War\nEagle Drive. Gimlet subdivision may experience ponding.', '* ADDITIONAL DETAILS...\n- At 11:00 AM MDT Sunday the stage was 3.8 feet.\n- Forecast...The river is expected to remain steady below flood\nstage at 3.8 feet.\n- Action stage is 3.7 feet.\n- Flood stage is 5.0 feet.\n- http://www.weather.gov/safety/flood']"
0,IL,"Jackson, IL; Randolph, IL; Perry, MO; Ste. Genevieve, MO",Flood Warning,Severe,Observed,Immediate,2022-06-05T21:38:00-05:00,2022-06-07T14:30:00-05:00,"['* WHAT...Minor flooding is occurring and minor flooding is forecast.', '* WHERE...Mississippi River at Chester.', '* WHEN...Until early Tuesday afternoon.', '* IMPACTS...At 28.0 feet, Unleveed islands near Chester and the\nprison farm floods.', '* ADDITIONAL DETAILS...\n- At 9:30 PM CDT Sunday the stage was 27.6 feet.\n- Recent Activity...The maximum river stage in the 24 hours\nending at 9:30 PM CDT Sunday was 28.0 feet.\n- Forecast...The river is expected to fall below flood stage\ntomorrow morning and continue falling to 20.9 feet Saturday\nevening.\n- Flood stage is 27.0 feet.']"
1,IL,"Brown, IL",Flood Warning,Severe,Observed,Immediate,2022-06-05T09:46:00-05:00,2022-06-06T16:35:00-05:00,"['* WHAT...Minor flooding is occurring.', '* WHERE...La Moine River at Ripley.', '* WHEN...Until tomorrow afternoon.', '* IMPACTS...At 22.0 feet, FLOOD STAGE.  Farmland flooding and rural\ndamages begin.', '* ADDITIONAL DETAILS...\n- At 8:45 AM CDT Sunday the stage was 22.2 feet.\n- Recent Activity...The maximum river stage in the 24 hours\nending at 8:45 AM CDT Sunday was 22.5 feet.\n- Forecast...The river is expected to fall below flood stage\nlate this morning and continue falling to 9.2 feet Sunday\nmorning.\n- Flood stage is 22.0 feet.']"
2,IL,"Alexander, IL; Jackson, IL; Union, IL; Cape Girardeau, MO; Perry, MO; Scott, MO",Flood Warning,Severe,Observed,Immediate,2022-06-04T20:28:00-05:00,2022-06-06T19:00:00-05:00,"['* WHAT...Minor flooding is forecast.', '* WHERE...Mississippi River at Cape Girardeau.', '* WHEN...From late Sunday night to Monday evening.', '* IMPACTS...At 32.0 feet, Minor flooding occurs.  The Mississippi\nRiver backs into several creeks producing flooding.', '* ADDITIONAL DETAILS...\n- At 8:00 PM CDT Saturday the stage was 30.6 feet.\n- Forecast...The river is expected to rise above flood stage\nearly Monday morning to a crest of 32.0 feet early Monday\nmorning. It will then fall below flood stage early Monday\nafternoon.\n- Flood stage is 32.0 feet.']"
3,IL,"Calhoun, IL; Pike, MO",Flood Warning,Severe,Observed,Immediate,2022-06-01T21:18:00-05:00,2022-06-07T19:00:00-05:00,"['* WHAT...Minor flooding is occurring and minor flooding is forecast.', '* WHERE...Mississippi River at Clarksville.', '* WHEN...Until Tuesday evening.', '* IMPACTS...At 27.2 feet, Silo Park just northwest of Clarksville\noff Highway 79 begins flooding.', '* ADDITIONAL DETAILS...\n- At 9:00 PM CDT Wednesday the stage was 25.7 feet.\n- Recent Activity...The maximum river stage in the 24 hours\nending at 9:00 PM CDT Wednesday was 25.7 feet.\n- Forecast...The river is expected to rise to a crest of 27.2\nfeet tomorrow evening. It will then fall below flood stage\nearly Monday afternoon.\n- Flood stage is 25.0 feet.']"
0,IA,"Boone, IA; Dallas, IA; Guthrie, IA; Polk, IA",Flood Warning,Severe,Likely,Expected,2022-06-06T07:15:00-05:00,2022-06-06T14:30:00-05:00,"['* WHAT...Flooding caused by excessive rainfall continues.', '* WHERE...Portions of central Iowa and west central Iowa, including\nthe following counties: Boone, Guthrie, Polk, and Dallas.', '* WHEN...Until 230 PM CDT Monday.', '* IMPACTS...Flooding of rivers, creeks, streams, and other low-lying\nand flood-prone locations is imminent or occurring. While the\nMiddle Raccoon River near Bayard has leveled off at this time, the\nBeaver Creek near Woodward continues to rise, indicating\nsignificant runoff continues.', '* ADDITIONAL DETAILS...\n- At 707 AM CDT, Doppler radar and automated rain gauges\nindicated heavy rain due to thunderstorms. Flooding is\nalready occurring in the warned area. Between 2 and 4 inches\nof rain have fallen.\n- As additional storms move through the area, additional\nrainfall amounts of 1 to 2 inches are possible in the warned\narea.\n- http://www.weather.gov/safety/flood']"
1,IA,Monona; Harrison; Pottawattamie; Mills; Thurston; Pierce; Wayne; Boone; Madison; Stanton; Cuming; Burt; Platte; Colfax; Dodge; Washington; Butler; Saunders; Douglas; Sarpy; Seward; Lancaster; Cass,Dense Fog Advisory,Moderate,Likely,Expected,2022-06-06T05:01:00-05:00,2022-06-06T10:00:00-05:00,"['* WHAT...Visibility of a quarter mile or less in dense fog.', '* WHERE...Portions of east central, northeast and southeast\nNebraska and southwest and west central Iowa.', '* WHEN...Until 10 AM CDT this morning.', '* IMPACTS...Hazardous driving conditions due to low visibility.']"
2,IA,Shelby; Montgomery; Saline,Dense Fog Advisory,Moderate,Likely,Expected,2022-06-06T05:01:00-05:00,2022-06-06T10:00:00-05:00,"['* WHAT...Visibility of a quarter mile or less in dense fog.', '* WHERE...In Nebraska, Saline County. In Iowa, Shelby and\nMontgomery Counties.', '* WHEN...Until 10 AM CDT this morning.', '* IMPACTS...Hazardous driving conditions due to low visibility.']"
3,IA,"Dickinson, IA",Flood Warning,Severe,Observed,Immediate,2022-06-05T19:39:00-05:00,2022-06-07T17:00:00-05:00,"['* WHAT...Minor flooding is occurring and minor flooding is forecast.', '* WHERE...Little Sioux River near Milford.', '* WHEN...Until Tuesday afternoon.', '* IMPACTS...At 12.0 feet, minor flooding of low lying agricultural\nlands begins.', '* ADDITIONAL DETAILS...\n- At 7:00 PM CDT Sunday the stage was 12.8 feet.\n- Recent Activity...The maximum river stage in the 24 hours\nending at 7:00 PM CDT Sunday was 12.8 feet.\n- Forecast...The river is currently cresting, and will fall\nbelow flood stage tomorrow afternoon.\n- Flood stage is 12.0 feet.']"
0,KS,"Osborne, KS; Rooks, KS",Flood Warning,Severe,Observed,Immediate,2022-06-06T06:47:00-05:00,2022-06-07T06:15:00-05:00,"['* WHAT...Minor flooding is occurring and minor flooding is forecast.', '* WHERE...South Fork Solomon River Near Woodston.', '* WHEN...Until early tomorrow morning.', '* IMPACTS...At 16.0 feet, Flooding occurs on both sides of the\nchannel. Flood waters affect agricultural areas adjacent to the\nriver and will begin to flow over the bridge on 30 Road located 2\nmiles downstream.', '* ADDITIONAL DETAILS...\n- At 5:30 AM CDT Monday the stage was 14.3 feet.\n- Forecast...The river is expected to rise to a crest of 14.7\nfeet within the next few hours this morning. It will then\nfall below flood stage just after midnight tonight.\n- Flood stage is 12.0 feet.\n- Flood History...This crest compares to a previous crest of\n14.2 feet on 08/26/2019.\n- http://www.weather.gov/safety/flood']"
1,KS,Scott; Lane; Hamilton; Kearny; Finney; Stanton; Grant; Haskell; Gray; Morton; Stevens; Seward; Meade,Dense Fog Advisory,Moderate,Likely,Expected,2022-06-06T05:54:00-05:00,2022-06-06T09:00:00-05:00,"['* WHAT...Visibility around a quarter of a mile in dense fog.', '* WHERE...Portions of southwest and west central Kansas.', '* WHEN...Until 9 AM CDT /8 AM MDT/ this morning.', '* IMPACTS...Hazardous driving conditions due to low visibility.']"
2,KS,Ness; Hodgeman; Ford,Dense Fog Advisory,Moderate,Likely,Expected,2022-06-06T05:54:00-05:00,2022-06-06T09:00:00-05:00,"['* WHAT...Visibility down to a quarter of a mile in dense fog.', '* WHERE...Ness, Hodgeman and Ford Counties.', '* WHEN...Until 9 AM CDT /8 AM MDT/ this morning.', '* IMPACTS...Hazardous driving conditions due to low visibility.']"
3,KS,"Wilson, KS",Flood Warning,Severe,Likely,Expected,2022-06-06T05:32:00-05:00,2022-06-07T13:35:00-05:00,"['* WHAT...Minor flooding is occurring and minor flooding is forecast.', '* WHERE...Fall River at Fredonia.', '* WHEN...From early this morning to early tomorrow afternoon.', '* ADDITIONAL DETAILS...\n- At 5:16 AM CDT Monday the stage was 17.1 feet.\n- Forecast...The river is expected to rise to a crest of 19.1\nfeet this evening. It will then fall below flood stage just\nafter midnight tonight.\n- Flood stage is 17.0 feet.']"
4,KS,Sherman; Thomas; Wallace; Logan; Gove; Greeley; Wichita,Dense Fog Advisory,Moderate,Likely,Expected,2022-06-06T04:14:00-06:00,2022-06-06T08:00:00-06:00,"['* WHAT...Visibility one quarter to one half mile in dense fog.', '* WHERE...Sherman, Thomas, Wallace, Logan, Gove, Greeley and\nWichita Counties.', '* WHEN...Until 8 AM MDT /9 AM CDT/ this morning.', '* IMPACTS...Hazardous driving conditions due to low visibility.']"
5,KS,"Montgomery, KS; Wilson, KS",Flood Warning,Severe,Observed,Immediate,2022-06-06T02:56:00-05:00,2022-06-08T21:46:00-05:00,"['* WHAT...Minor flooding is forecast.', '* WHERE...Verdigris River at Independence.', '* WHEN...From this evening to late Wednesday evening.', '* IMPACTS...At 36.0 feet, Some flooding of low lying areas and\nbottom land can be expected.', '* ADDITIONAL DETAILS...\n- At 8:00 PM CDT Sunday the stage was 16.5 feet.\n- Forecast...The river is expected to rise above flood stage\nlate this evening to a crest of 35.5 feet early tomorrow\nafternoon. It will then fall below flood stage late Wednesday\nmorning.\n- Flood stage is 30.0 feet.']"
6,KS,"Lyon, KS",Flood Warning,Severe,Observed,Immediate,2022-06-06T02:46:00-05:00,2022-06-09T14:38:00-05:00,"['* WHAT...Minor flooding is occurring and minor flooding is forecast.', '* WHERE...Cottonwood River near Emporia.', '* WHEN...Until early Thursday afternoon.', '* IMPACTS...At 20.0 feet, South bank of the Cottonwood River 1 mile\nsouth of Emporia floods.\nAt 23.0 feet, North bank of the Cottonwood River begins to flood.\nLowland flooding occurs along the Cottonwood River from Plymouth\nto Neosho Rapids.\nAt 24.0 feet, Highway K 99 on the south bank floods.', '* ADDITIONAL DETAILS...\n- At 2:30 AM CDT Monday the stage was 20.8 feet.\n- Forecast...The river is expected to rise to a crest of 23.4\nfeet tomorrow morning. It will then fall below flood stage\nWednesday evening.\n- Flood stage is 20.0 feet.']"
7,KS,"Lyon, KS",Flood Warning,Severe,Observed,Immediate,2022-06-06T02:46:00-05:00,2022-06-09T08:05:00-05:00,"['* WHAT...Moderate flooding is forecast.', '* WHERE...Neosho River Near Neosho Rapids.', '* WHEN...Until Thursday morning.', '* IMPACTS...At 22.0 feet, Low lying areas along the river flood.\nAt 23.0 feet, Water overtops Road 145 on the west side of the\nbridge over the Neosho River.\nAt 26.0 feet, Water covers large areas over both banks.', '* ADDITIONAL DETAILS...\n- At 2:30 AM CDT Monday the stage was 21.1 feet.\n- Forecast...The river is expected to rise above flood stage\nthis morning to a crest of 24.0 feet just after midnight\ntonight. It will then fall below flood stage early Wednesday\nafternoon.\n- Flood stage is 22.0 feet.']"
8,KS,"Chase, KS; Lyon, KS",Flood Warning,Severe,Observed,Immediate,2022-06-06T02:42:00-05:00,2022-06-07T19:00:00-05:00,"['* WHAT...Minor flooding is occurring and minor flooding is forecast.', '* WHERE...Cottonwood River near Plymouth.', '* WHEN...Until tomorrow evening.', '* IMPACTS...At 32.0 feet, Minor flooding occurs along both banks.\nRoad A near the gage site becomes flooded especially south of the\nriver.', '* ADDITIONAL DETAILS...\n- At 2:00 AM CDT Monday the stage was 32.2 feet.\n- Forecast...The river is expected to rise to a crest of 32.3\nfeet this morning. It will then fall below flood stage\ntomorrow morning.\n- Flood stage is 32.0 feet.']"
9,KS,"Chase, KS",Flood Warning,Severe,Observed,Immediate,2022-06-06T02:42:00-05:00,2022-06-07T11:30:00-05:00,"['* WHAT...Minor flooding is occurring and minor flooding is forecast.', '* WHERE...Cottonwood River at Cottonwood Falls.', '* WHEN...Until late tomorrow morning.', '* IMPACTS...At 9.0 feet, Flooding of low-lying areas and cropland\ncan be expected.', '* ADDITIONAL DETAILS...\n- At 7:15 PM CDT Sunday the stage was 9.3 feet.\n- Forecast...The river is expected to fall below flood stage\nlate this afternoon and continue falling to 2.8 feet early\nSaturday morning.\n- Flood stage is 9.0 feet.']"
10,KS,"Ellsworth, KS; Lincoln, KS",Flood Warning,Severe,Likely,Expected,2022-06-06T00:53:00-05:00,2022-06-06T18:45:00-05:00,"['* WHAT...Flooding problems will continue across the warned area due\nto excessive runoff from earlier heavy rainfall.', '* WHERE...A portion of Central Kansas, including the following\ncounties, Ellsworth and Lincoln.', '* WHEN...Until 645 PM CDT Monday.', '* IMPACTS...Flooding of small creeks, streams, and other low-lying\nand flood-prone locations is occurring. Numerous roads remain\nclosed due to flooding.', '* ADDITIONAL DETAILS...\n- At 1253 AM CDT, Local law enforcement reported ongoing\nflooding problems and some road closures across the warned\narea.\n- Some locations that will experience flooding include...\nEllsworth, Wilson, Kanopolis, Lincoln, Sylvan Grove, Beverly,\nEllsworth Airport, Westfall, Kanopolis State Park and\nKanopolis Lake.']"
11,KS,"Allen, KS; Chautauqua, KS; Elk, KS; Greenwood, KS; Labette, KS; Montgomery, KS; Neosho, KS; Wilson, KS; Woodson, KS",Flood Warning,Severe,Likely,Expected,2022-06-06T00:21:00-05:00,2022-06-06T18:15:00-05:00,"['* WHAT...Flooding caused by excessive rainfall is expected.', '* WHERE...A portion of Southeast Kansas, including the following\ncounties, Allen, Chautauqua, Elk, Greenwood, Labette, Montgomery,\nNeosho, Wilson and Woodson.', '* WHEN...Until 615 PM CDT Monday.', '* IMPACTS...Flooding of rivers, creeks, streams, and other low-lying\nand flood-prone locations is imminent or occurring.', '* ADDITIONAL DETAILS...\n- At 1221 AM CDT, Doppler radar indicated heavy rainfall due to\nslow moving thunderstorms. Flooding is expected to begin\nshortly in the warned area.\n- Some locations that will experience flooding include...\nParsons, Coffeyville, Independence, Chanute, Iola, Eureka,\nNeodesha, Fredonia, Cherryvale, Caney, Humboldt, Oswego,\nYates Center, Erie, Chetopa, Sedan, Altamont, Howard, St.\nPaul and Cedar Vale.']"
12,KS,"Butler, KS; Cowley, KS",Flood Warning,Severe,Likely,Expected,2022-06-05T23:50:00-05:00,2022-06-06T11:45:00-05:00,"['* WHAT...Flooding caused by excessive rainfall is expected.', '* WHERE...A portion of South Central Kansas, including the following\ncounties, Butler and Cowley.', '* WHEN...Until 1145 AM CDT Monday.', '* IMPACTS...Flooding of rivers, creeks, streams, and other low-lying\nand flood-prone locations is imminent or occurring.', '* ADDITIONAL DETAILS...\n- At 1150 PM CDT, Doppler radar indicated slow moving\nthunderstorms with very heavy rainfall. Flooding is expected\nto begin shortly in the warned area.\n- Rainfall amounts of 1 to 2 inches are possible in the warned\narea.\n- Some locations that will experience flooding include...\nEl Dorado, Arkansas City, Winfield, Andover, Augusta, Rose\nHill, Douglass, Towanda, Benton, Udall, Whitewater, Leon,\nBurden, Potwin, Dexter, Elbing, Burns, Atlanta, Geuda Springs\nand Latham.']"
13,KS,"Harper, KS; Sumner, KS",Flood Warning,Severe,Likely,Expected,2022-06-05T22:42:00-05:00,2022-06-06T16:45:00-05:00,"['* WHAT...Flooding caused by excessive rainfall is expected.', '* WHERE...A portion of South Central Kansas, including the following\ncounties, Harper and Sumner.', '* WHEN...Until 445 PM CDT Monday.', '* IMPACTS...Flooding of rivers, creeks, streams, and other low-lying\nand flood-prone locations is imminent.', '* ADDITIONAL DETAILS...\n- At 1040 PM CDT, Doppler radar indicated heavy rain due to\nslow moving thunderstorms. Flooding is expected to begin\nshortly in the warned area. Between 1 and 2 inches of rain\nhave fallen.\n- Additional rainfall amounts of 1 to 3 inches are possible in\nthe warned area overnight.\n- Some locations that will experience flooding include...\nWellington, Mulvane, Anthony, Belle Plaine, Harper, Conway\nSprings, Caldwell, Oxford, Attica, Argonia, South Haven,\nGeuda Springs, Mayfield, Milan, Hunnewell, Bluff City,\nDanville, Waldron, Freeport and Perth.']"
14,KS,"Marion, KS",Flood Warning,Severe,Observed,Immediate,2022-06-05T20:16:00-05:00,2022-06-07T04:31:00-05:00,"['* WHAT...Minor flooding is occurring and minor flooding is forecast.', '* WHERE...Cottonwood River near Florence.', '* WHEN...Until early Tuesday morning.', '* IMPACTS...At 24.0 feet, Outside the levee system in southeast\nFlorence, flood waters flow across Park Ave Road and reach the\nfoundation of a residential home. Northwest of Florence, the\nbridge on 140th Road and 1/2 mile west of Highway 77 floods.', '* ADDITIONAL DETAILS...\n- At 7:15 PM CDT Sunday the stage was 22.2 feet.\n- Forecast...The river is expected to rise to a crest of 24.3\nfeet tomorrow morning. It will then fall below flood stage\ntomorrow afternoon.\n- Flood stage is 22.0 feet.']"
15,KS,"Russell, KS",Flood Warning,Severe,Likely,Expected,2022-06-05T19:35:00-05:00,2022-06-06T13:45:00-05:00,"['* WHAT...Flooding caused by excessive rainfall is expected.', '* WHERE...A portion of Central Kansas, including the following\ncounty, Russell.', '* WHEN...Until 145 PM CDT Monday.', '* IMPACTS...Flooding of rivers, creeks, streams, and other low-lying\nand flood-prone locations is imminent or occurring.', '* ADDITIONAL DETAILS...\n- At 734 PM CDT, trained weather spotters reported heavy rain\nin the warned area due to thunderstorms. Flooding is ongoing\nor expected to begin shortly. Between 1 and 2 inches of rain\nhave fallen.\n- This rainfall has occurred in a short period of time and will\ncause localized flooding.\n- Some locations that will experience flooding include...\nRussell, Lucas, Gorham, Luray, Dorrance, Milberger, Bunker\nHill, Paradise, Waldo, Russell Airport, Wilson Lake and\nWilson State Park.']"
16,KS,"Phillips, KS; Rooks, KS",Flood Warning,Severe,Likely,Expected,2022-06-05T19:17:00-05:00,2022-06-06T21:41:00-05:00,"['* WHAT...Minor flooding is occurring and minor flooding is forecast.', '* WHERE...Bow Creek Near Stockton.', '* WHEN...From this evening to late tomorrow evening.', '* IMPACTS...At 9.0 feet, Water overflows both banks of the river and\nflows into adjacent agricultural lowland. Gravel county roads\nalong and crossing the Bow Creek both upstream and downstream of\nthe Highway 183 gauge site will begin to flood. Several of the\nroads that will flood include: A Road, B Road, and 17 Road.', '* ADDITIONAL DETAILS...\n- At 7:00 PM CDT Sunday the stage was 9.2 feet.\n- Recent Activity...The maximum river stage in the 24 hours\nending at 7:00 PM CDT Sunday was 9.2 feet.\n- Forecast...The river is expected to rise to a crest of 9.8\nfeet just after midnight tonight. It will then fall below\nflood stage late tonight.\n- Flood stage is 9.0 feet.\n- Flood History...This crest compares to a previous crest of\n9.9 feet on 05/28/2019.\n- http://www.weather.gov/safety/flood']"
17,KS,"Dickinson, KS",Flood Warning,Severe,Observed,Immediate,2022-06-05T15:18:00-05:00,2022-06-07T17:00:00-05:00,"['* WHAT...Moderate flooding is forecast.', '* WHERE...Smoky Hill River at Enterprise.', '* WHEN...From Monday afternoon to Tuesday afternoon.', '* IMPACTS...At 26.0 feet, Valley north of the Kansas Highway 43\nbridge on the north side of Enterprise floods.\nAt 27.0 feet, Railroad tracks near Enterprise flood.', '* ADDITIONAL DETAILS...\n- At 2:45 PM CDT Sunday the stage was 8.9 feet.\n- Forecast...The river will rise above flood stage early\ntomorrow afternoon to 28.1 feet tomorrow evening. It will\nthen fall below flood stage early Tuesday morning to 23.1\nfeet and begin rising again Tuesday evening. It will rise to\n23.2 feet early Wednesday morning. It will then fall again\nand remain below flood stage.\n- Flood stage is 26.0 feet.']"
18,KS,"Lyon, KS",Hydrologic Outlook,Unknown,Possible,Future,2022-06-05T11:04:00-05:00,,"['Neosho River near Emporia 3nw', 'This hydrologic outlook is based on the forecast rainfall for the\nnext 24 hours and estimated runoff from earlier rainfall. Crests may\nvary if actual rainfall or runoff is greater or less than\nanticipated.', 'Location: Neosho River near Emporia 3nw\nFlood stage: 19.0 feet\nLatest stage: 13.6 feet at 8 AM Sunday\nMaximum Forecast Stage: 19.4 feet at 7 PM Monday Jun 06', '\nFld   Obs             Forecasts\nLocation        Stg   Stg   Day/Time  Sun   Mon   Mon\n1pm   1am   1pm\nNeosho River\nEmporia 3nw     19.0  13.6  Sun 8am   14.0  15.2  18.0', '\nLater statements, possibly warnings, may be issued as additional\ninformation becomes available.']"
19,KS,"Geary, KS",Hydrologic Outlook,Unknown,Possible,Future,2022-06-05T09:52:00-05:00,,"['RRC', 'Lyon Creek near Junction City', 'This hydrologic outlook is based on the forecast rainfall for the\nnext 24 hours and estimated runoff from earlier rainfall. Crests may\nvary if actual rainfall or runoff is greater or less than\nanticipated.', 'Location: Lyon Creek near Junction City\nFlood stage: 21.0 feet\nLatest stage: 7.3 feet at 9 AM Sunday\nMaximum Forecast Stage: 22.3 feet at 1 PM Monday Jun 06', '\nFld   Obs             Forecasts\nLocation        Stg   Stg   Day/Time  Sun   Mon   Mon\n1pm   1am   1pm\nLyon Creek\nJunction City   21.0  7.3   Sun 9am   7.4   8.9   22.3', '\nLater statements, possibly warnings, may be issued as additional\ninformation becomes available.']"
20,KS,"Lyon, KS; Osage, KS",Hydrologic Outlook,Unknown,Possible,Future,2022-06-05T09:52:00-05:00,,"['RRA', 'Marais Des Cygnes River above Reading', 'This hydrologic outlook is based on the forecast rainfall for the\nnext 24 hours and estimated runoff from earlier rainfall. Crests may\nvary if actual rainfall or runoff is greater or less than\nanticipated.', 'Location: Marais Des Cygnes River above Reading\nFlood stage: 19.0 feet\nLatest stage: 4.1 feet at 8 AM Sunday\nMaximum Forecast Stage: 20.7 feet at 7 AM Monday Jun 06', '\nFld   Obs             Forecasts\nLocation              Stg   Stg   Day/Time  Sun   Mon   Mon\n1pm   1am   1pm\nMarais Des Cygnes River\nReading               19.0  4.1   Sun 8am   4.1   11.5  16.9', '\nLater statements, possibly warnings, may be issued as additional\ninformation becomes available.']"
21,KS,"Wabaunsee, KS",Hydrologic Outlook,Unknown,Possible,Future,2022-06-05T09:52:00-05:00,,"['Mill Creek in Wabaunsee County Near Paxico', 'This hydrologic outlook is based on the forecast rainfall for the\nnext 24 hours and estimated runoff from earlier rainfall. Crests may\nvary if actual rainfall or runoff is greater or less than\nanticipated.', 'Location: Mill Creek in Wabaunsee County Near Paxico\nFlood stage: 21.0 feet\nLatest stage: 5.6 feet at 8 AM Sunday\nMaximum Forecast Stage: 26.3 feet at 7 AM Monday Jun 06', '\nFld   Obs             Forecasts\nLocation              Stg   Stg   Day/Time  Sun   Mon   Mon\n1pm   1am   1pm\nMill Creek in Wabaunsee County\nPaxico                21.0  5.6   Sun 8am   5.6   24.1  16.9', '\nLater statements, possibly warnings, may be issued as additional\ninformation becomes available.']"
22,KS,"Dickinson, KS",Hydrologic Outlook,Unknown,Possible,Future,2022-06-05T09:52:00-05:00,,"['RRB', 'Chapman Creek near Chapman', 'This hydrologic outlook is based on the forecast rainfall for the\nnext 24 hours and estimated runoff from earlier rainfall. Crests may\nvary if actual rainfall or runoff is greater or less than\nanticipated.', 'Location: Chapman Creek near Chapman\nFlood stage: 19.0 feet\nLatest stage: 4.8 feet at 8 AM Sunday\nMaximum Forecast Stage: 21.1 feet at 7 PM Monday Jun 06', '\nFld   Obs             Forecasts\nLocation        Stg   Stg   Day/Time  Sun   Mon   Mon\n1pm   1am   1pm\nChapman Creek\nChapman         19.0  4.8   Sun 8am   4.9   10.4  21.0', '\nLater statements, possibly warnings, may be issued as additional\ninformation becomes available.']"
23,KS,"McPherson, KS",Flood Warning,Severe,Likely,Expected,2022-06-05T08:38:00-05:00,2022-06-07T04:00:00-05:00,"['* WHAT...Minor flooding is forecast.', '* WHERE...Smoky Hill River At Lindsborg.', '* WHEN...From Monday morning to early Tuesday morning.', '* IMPACTS...At 21.0 feet, South bank overflows extend out to 20 feet\nfrom bank. Old Mill Park floods along with low lying fields in\nrural areas.', '* ADDITIONAL DETAILS...\n- At 8:30 AM CDT Sunday the stage was 12.4 feet.\n- Forecast...The river is expected to rise above flood stage\ntomorrow morning to a crest of 21.7 feet early tomorrow\nafternoon. It will then fall below flood stage tomorrow\nafternoon.\n- Flood stage is 21.0 feet.']"
0,MD,Montgomery,Test Message,Unknown,Unknown,Unknown,2022-06-06T12:28:02+00:00,,['Monitoring message only. Please disregard.']
0,MI,St. Clair; Oakland; Macomb; Washtenaw; Wayne; Lenawee; Monroe,Flood Watch,Severe,Possible,Future,2022-06-06T04:03:00-04:00,2022-06-07T08:00:00-04:00,"['* WHAT...Flooding caused by excessive rainfall is possible.', '* WHERE...A portion of southeast Michigan, including the following\nareas, Lenawee, Macomb, Monroe, Oakland, St. Clair, Washtenaw and\nWayne.', '* WHEN...From late this afternoon through Tuesday morning.', '* IMPACTS...Flooding may occur in poor drainage and urban areas.', '* ADDITIONAL DETAILS...\n- Showers and thunderstorms increase coverage and intensity by\nlate afternoon and continue through tonight. Heavy rainfall\nis possible in two phases, the first being a round of\nthunderstorms from late afternoon through mid evening then\nfollowed by another round of showers and thunderstorms after\nmidnight through sunrise Tuesday. Storm total rainfall in the\n1 to 2 inch range is possible with localized totals near 3\ninches. This rainfall is possible in bursts over short time\nperiods that could lead to flooding across the area.\n- http://www.weather.gov/safety/flood']"
0,MN,"Redwood, MN; Renville, MN",Flood Warning,Severe,Observed,Immediate,2022-06-05T21:21:00-05:00,2022-06-11T01:00:00-05:00,"['* WHAT...Minor flooding is occurring and minor flooding is forecast.', '* WHERE...Minnesota River At Morton.', '* WHEN...Until early Saturday morning.', '* IMPACTS...At 23.0 feet, Riverside Rd and Front Street flooded in\nNorth Redwood.', '* ADDITIONAL DETAILS...\n- At 830 PM CDT Sunday, the stage was 21.0 feet.\n- Recent Activity...The maximum river stage in the 24 hours\nending at 830 PM CDT Sunday was 21.0 feet.\n- Forecast...The river is expected to fall below flood stage\nFriday morning and continue falling to 20.7 feet Sunday\nevening.\n- Flood stage is 21.0 feet.\n- Flood History...This crest compares to a previous crest of\n21.4 feet on 05/31/2004.']"
1,MN,"Chippewa, MN; Lac qui Parle, MN; Yellow Medicine, MN",Flood Warning,Severe,Observed,Immediate,2022-06-05T21:21:00-05:00,,"['* WHAT...Minor flooding is occurring and minor flooding is forecast.', '* WHERE...Minnesota River at Montevideo.', '* WHEN...Until further notice.', '* IMPACTS...At 14.0 feet, Low lying areas and some roads along the\nriver begin flooding, along with some basements of houses along\nthe river.', '* ADDITIONAL DETAILS...\n- At 900 PM CDT Sunday, the stage was 15.1 feet.\n- Recent Activity...The maximum river stage in the 24 hours\nending at 900 PM CDT Sunday was 15.1 feet.\n- Forecast...The river is expected to rise to a crest of 15.2\nfeet early Tuesday morning.\n- Flood stage is 14.0 feet.\n- Flood History...This crest compares to a previous crest of\n15.2 feet on 05/07/1994.']"
2,MN,"Polk, MN; Grand Forks, ND",Flood Warning,Severe,Observed,Immediate,2022-06-05T20:19:00-05:00,2022-06-13T19:00:00-05:00,"['* WHAT...Minor flooding is occurring and minor flooding is forecast.', '* WHERE...Red River of the North at East Grand Forks.', '* WHEN...Until Monday, June 13.', '* IMPACTS...At 33.0 feet, Agricultural flooding begins along the Red\nRiver of the North between Grand Forks (River Mile 296) and Oslo\n(River Mile 271).', '\n* ADDITIONAL DETAILS...\n- At 7:45 PM CDT Sunday the stage was 31.4 feet.\n- Recent Activity...The maximum river stage in the 24 hours\nending at 7:45 PM CDT Sunday was 31.9 feet.\n- Forecast...The river is expected to fall below flood stage\nearly Sunday afternoon and continue falling to 27.8 feet\nSunday evening.\n- Flood stage is 28.0 feet.']"
3,MN,"Wilkin, MN; Richland, ND",Flood Warning,Severe,Observed,Immediate,2022-06-05T20:19:00-05:00,2022-06-09T19:00:00-05:00,"['* WHAT...Minor flooding is occurring and minor flooding is forecast.', '* WHERE...Red River of the North at Wahpeton.', '* WHEN...Until Thursday evening.', '* IMPACTS...At 12.0 feet, Storm sewer valves are closed and interior\npumping begins (Breckenridge).', '* ADDITIONAL DETAILS...\n- At 7:30 PM CDT Sunday the stage was 12.0 feet.\n- Recent Activity...The maximum river stage in the 24 hours\nending at 7:30 PM CDT Sunday was 12.3 feet.\n- Forecast...The river is expected to fall below flood stage\nearly Wednesday afternoon and continue falling to 10.6 feet\nSunday evening.\n- Flood stage is 11.0 feet.']"
4,MN,"Clay, MN; Cass, ND",Flood Warning,Severe,Observed,Immediate,2022-06-05T20:19:00-05:00,,"['* WHAT...Minor flooding is occurring and minor flooding is forecast.', '* WHERE...Red River of the North at Fargo.', '* WHEN...Until further notice.', '* IMPACTS...At 23.0 feet, North Broadway bridge floods\n(Fargo/Moorhead).', '* ADDITIONAL DETAILS...\n- At 7:15 PM CDT Sunday the stage was 23.0 feet.\n- Recent Activity...The maximum river stage in the 24 hours\nending at 7:15 PM CDT Sunday was 23.1 feet.\n- Forecast...The river is expected to hover near 23.1 feet\nthrough Monday.\n- Flood stage is 18.0 feet.']"
5,MN,"Kittson, MN; Marshall, MN; Pembina, ND; Walsh, ND",Flood Warning,Severe,Observed,Immediate,2022-06-05T20:19:00-05:00,,"['* WHAT...Minor flooding is occurring and minor flooding is forecast.', '* WHERE...Red River of the North at Drayton.', '* WHEN...Until further notice.', '* IMPACTS...At 38.0 feet, MODERATE FLOOD.', '* ADDITIONAL DETAILS...\n- At 7:45 PM CDT Sunday the stage was 37.3 feet.\n- Recent Activity...The maximum river stage in the 24 hours\nending at 7:45 PM CDT Sunday was 37.5 feet.\n- Forecast...The river is expected to fall to 33.4 feet Sunday\nevening.\n- Flood stage is 32.0 feet.']"
6,MN,"Kittson, MN; Pembina, ND",Flood Warning,Severe,Observed,Immediate,2022-06-05T20:19:00-05:00,,"['* WHAT...Moderate flooding is occurring and moderate flooding is\nforecast.', '* WHERE...Red River of the North at Pembina.', '* WHEN...Until further notice.', '* IMPACTS...At 45.0 feet, Urban damage to Saint Vincent.', '* ADDITIONAL DETAILS...\n- At 7:30 PM CDT Sunday the stage was 44.8 feet.\n- Recent Activity...The maximum river stage in the 24 hours\nending at 7:30 PM CDT Sunday was 45.3 feet.\n- Forecast...The river is expected to fall to 40.5 feet Sunday\nevening.\n- Flood stage is 39.0 feet.']"
7,MN,"Marshall, MN; Polk, MN; Grand Forks, ND; Walsh, ND",Flood Warning,Severe,Observed,Immediate,2022-06-05T20:19:00-05:00,,"['* WHAT...Moderate flooding is occurring and moderate flooding is\nforecast.', '* WHERE...Red River of the North at Oslo.', '* WHEN...Until further notice.', '* IMPACTS...At 30.0 feet, MODERATE FLOOD.', '* ADDITIONAL DETAILS...\n- At 7:15 PM CDT Sunday the stage was 30.6 feet.\n- Recent Activity...The maximum river stage in the 24 hours\nending at 7:15 PM CDT Sunday was 30.9 feet.\n- Forecast...The river is expected to fall to 27.4 feet Sunday\nevening.\n- Flood stage is 26.0 feet.']"
8,MN,"Aitkin, MN; Crow Wing, MN",Flood Warning,Severe,Observed,Immediate,2022-06-05T09:42:00-05:00,2022-06-10T01:00:00-05:00,"['* WHAT...Minor flooding is occurring and minor flooding is forecast.', '* WHERE...Mississippi River At Aitkin.', '* WHEN...Until early Friday morning.', '* IMPACTS...At 13.0 feet, The boat ramp at Aitkin city park floods.\nA few driveways become covered with water in the Cedarbrook area.\nMinor flooding of farmland occurs in the Cedarbrook community.', '* ADDITIONAL DETAILS...\n- At 8:30 AM CDT Sunday the stage was 13.6 feet.\n- Recent Activity...The maximum river stage in the 24 hours\nending at 8:30 AM CDT Sunday was 13.7 feet.\n- Forecast...The river is expected to fall below flood stage\nWednesday evening and continue falling to 12.3 feet Sunday\nmorning.\n- Flood stage is 13.0 feet.\n- Flood History...This crest compares to a previous crest of\n13.7 feet on 05/31/1962.\n- http://www.weather.gov/safety/flood']"
9,MN,"Polk, MN; Grand Forks, ND",Flood Warning,Severe,Observed,Immediate,2022-06-03T20:36:00-05:00,2022-06-11T19:00:00-05:00,"['* WHAT...Minor flooding is occurring and minor flooding is forecast.', '* WHERE...Red River of the North at East Grand Forks.', '* WHEN...Until Saturday, June 11.', '* IMPACTS...At 33.0 feet, Agricultural flooding begins along the Red\nRiver of the North between Grand Forks (River Mile 296) and Oslo\n(River Mile 271).', '\n* ADDITIONAL DETAILS...\n- At 7:45 PM CDT Friday the stage was 31.9 feet.\n- Recent Activity...The maximum river stage in the 24 hours\nending at 7:45 PM CDT Friday was 31.9 feet.\n- Forecast...The river is expected to rise to a crest of 32.2\nfeet tomorrow morning. It will then fall below flood stage\nearly Friday afternoon.\n- Flood stage is 28.0 feet.']"
10,MN,"Koochiching, MN; St. Louis, MN",Flood Warning,Severe,Likely,Immediate,2022-06-03T16:08:00-05:00,2022-06-06T16:00:00-05:00,"['* WHAT...Flooding caused by rain and snowmelt continues. Namakan and\nRainy Lake have both surpassed levels set during the 2014 peak\nlevels.', '* WHERE...Portions of north central Minnesota and northeast\nMinnesota, including the following counties, in north central\nMinnesota, Koochiching. In northeast Minnesota, St. Louis.', '* WHEN...Until 400 PM CDT Monday.', '* IMPACTS...Flooding of lakes, rivers, and other low-lying and\nflood-prone locations is imminent or occurring. Several structures\nare flooded and some sand bagging operations are continuing.\nLow-water crossings are inundated with water and may not be\npassable. Expect many areas of slow moving or standing water.', '* ADDITIONAL DETAILS...\n- At 355 PM CDT, Emergency management reported ongoing\nextensive flooding.', '- Mostly dry weather is expected this week, but rises will\nlikely continue.', 'Namakan and Kabetogama Lakes were at 1122.3 feet as of June\n3, which is 22 inches above the peak level set in 2014 and 6\ninches below the 1916 peak. The level of Namakan Lake is\nexpected to fall by 2 to 3 inches between June 3 and June 10.', 'Rainy Lake was at 1112.9 feet as of June 3 which is 19 inches\nabove the 2014 flooding peak and matches the record peak of\n1950. Rainy Lake is expected to rise by 9 to 10 inches\nbetween June 3 and June 10. A peak is unlikely before mid-\nJune on Rainy Lake regardless of precipitation patterns.', '- Some locations that will experience flooding include...\nInternational Falls, Kabetogama, Crane Lake, Kabetogama Lake,\nVoyageurs National Park, Rainy Lake East, Rainy Lake West,\nnorthwestern Boundary Waters Canoe Area Wilderness, Ranier,\nRay, Island View, Ericksburg, Johnson Lake and Sand Point\nLake.', '- Http://www.weather.gov/safety/flood\nhttp://www.weather.gov/dlh/RainyRiverBasin']"
11,MN,"Chippewa, MN; Lac qui Parle, MN; Yellow Medicine, MN",Flood Warning,Severe,Observed,Immediate,2022-05-31T21:04:00-05:00,2022-06-07T01:00:00-05:00,"['* WHAT...Minor flooding is occurring and minor flooding is forecast.', '* WHERE...Minnesota River at Montevideo.', '* WHEN...Until early Tuesday morning.', '* IMPACTS...At 14.0 feet, Low lying areas and some roads along the\nriver begin flooding, along with some basements of houses along\nthe river.', '* ADDITIONAL DETAILS...\n- At 800 PM CDT Tuesday, the stage was 14.8 feet.\n- Recent Activity...The maximum river stage in the 24 hours\nending at 800 PM CDT Tuesday was 14.9 feet.\n- Forecast...The river is expected to fall below flood stage\nMonday morning and continue falling to 13.4 feet Tuesday\nevening.\n- Flood stage is 14.0 feet.\n- Flood History...This crest compares to a previous crest of\n14.8 feet on 06/17/1957.']"
12,MN,"Redwood, MN; Renville, MN",Flood Warning,Severe,Observed,Immediate,2022-05-31T21:04:00-05:00,2022-06-06T19:00:00-05:00,"['* WHAT...Minor flooding is occurring and minor flooding is forecast.', '* WHERE...Minnesota River At Morton.', '* WHEN...Until Monday evening.', '* IMPACTS...At 23.0 feet, Riverside Rd and Front Street flooded in\nNorth Redwood.', '* ADDITIONAL DETAILS...\n- At 830 PM CDT Tuesday, the stage was 21.7 feet.\n- Recent Activity...The maximum river stage in the 24 hours\nending at 830 PM CDT Tuesday was 21.7 feet.\n- Forecast...The river is expected to rise to a crest of 21.7\nfeet just after midnight tonight. It will then fall below\nflood stage early Monday morning.\n- Flood stage is 21.0 feet.\n- Flood History...This crest compares to a previous crest of\n21.9 feet on 04/04/2007.']"
13,MN,"Koochiching, MN",Flood Warning,Severe,Likely,Expected,2022-05-30T14:13:00-05:00,2022-06-06T11:15:00-05:00,"['* WHAT...Flooding caused by excessive rainfall combined with already\nhigh Rainy Rivers levels.', '* WHERE...A portion of north central Minnesota, including the\nfollowing county, Koochiching.', '* WHEN...Until 1115 AM CDT Monday June 06.  Expect increasing river\nlevels through Wednesday.', '* IMPACTS...The Rainy River level is extremely high. Rises on area\ntributaries may cause flooding of areas near the mouth of the\nBlack River, Little Fork and Big Fork rivers.', '* ADDITIONAL DETAILS...\n- At 1111 AM CDT, Doppler Radar and automated rain gauges\nreported 1 to 2 inches of rainfall over the 24 hour period\nending at 11AM Monday.\n- So far this Spring, the Rainy River at Manitou Rapids has\nreached a maximum 19 feet. Observed and forecast rainfall\ncould push the river level at Manitou Rapids 2 feet higher\nthan previously observed this year.\n- Some locations that will experience flooding include...Areas\nnear the mouth of the Little Fork, Big Fork and Black rivers,\nincluding Pelland and Loman.\n- http://www.weather.gov/dlh/RainyRiverBasin']"
14,MN,"Clay, MN",Flood Warning,Severe,Likely,Expected,2022-05-30T10:08:00-05:00,2022-06-06T15:00:00-05:00,"['* WHAT...Minor flooding is forecast.', '* WHERE...Buffalo River near Dilworth.', '* WHEN...From late Thursday night to Monday afternoon.', '* IMPACTS...At 14.9 feet, Bottom of steel bridge causes upstream\nroad to flood.', '* ADDITIONAL DETAILS...\n- At 9:45 AM CDT Monday the stage was 7.9 feet.\n- Forecast...The river is expected to rise above flood stage\nearly Friday morning to a crest of 14.9 feet early Saturday\nmorning. It will then fall below flood stage late Sunday\nmorning.\n- Flood stage is 13.0 feet.']"
0,MO,Atchison; Nodaway; Worth; Gentry; Harrison; Mercer; Putnam; Schuyler; Holt; Andrew,Special Weather Statement,Moderate,Observed,Expected,2022-06-06T06:38:00-05:00,,['Patchy fog will be possible through 830 am across northern\nMissouri. Visibility may fall as low as one mile at times.\nMotorists are urged to use low beam headlights and slow down in\nareas of reduced visibility.']
1,MO,"Jackson, IL; Randolph, IL; Perry, MO; Ste. Genevieve, MO",Flood Warning,Severe,Observed,Immediate,2022-06-05T21:38:00-05:00,2022-06-07T14:30:00-05:00,"['* WHAT...Minor flooding is occurring and minor flooding is forecast.', '* WHERE...Mississippi River at Chester.', '* WHEN...Until early Tuesday afternoon.', '* IMPACTS...At 28.0 feet, Unleveed islands near Chester and the\nprison farm floods.', '* ADDITIONAL DETAILS...\n- At 9:30 PM CDT Sunday the stage was 27.6 feet.\n- Recent Activity...The maximum river stage in the 24 hours\nending at 9:30 PM CDT Sunday was 28.0 feet.\n- Forecast...The river is expected to fall below flood stage\ntomorrow morning and continue falling to 20.9 feet Saturday\nevening.\n- Flood stage is 27.0 feet.']"
2,MO,"Bates, MO; Vernon, MO",Flood Warning,Severe,Observed,Immediate,2022-06-05T20:10:00-05:00,2022-06-07T11:30:00-05:00,"['* WHAT...Minor flooding is occurring and minor flooding is forecast.', '* WHERE...Osage River near Schell City.', '* WHEN...Until late Tuesday morning.', '* IMPACTS...At 31.5 feet, the main road of the Schell Osage\nConservation Area floods west of the conservation office. The\nnorth campground main road of the Schell Osage Conservation area\nfloods.', '* ADDITIONAL DETAILS...\n- At 7:45 PM CDT Sunday the stage was 31.5 feet.\n- Forecast...The river is expected to fall below flood stage\nlate tomorrow morning and continue falling to 25.7 feet\nFriday evening.\n- Flood stage is 30.0 feet.\n- http://www.weather.gov/safety/flood']"
3,MO,"St. Clair, MO",Flood Warning,Severe,Observed,Immediate,2022-06-05T20:10:00-05:00,,"['* WHAT...Minor flooding is occurring and minor flooding is forecast.', '* WHERE...Osage River at Taberville.', '* WHEN...Until further notice.', '* IMPACTS...At 23.3 feet, The handicapped access to the Osage River\nlaunch area floods.', '* ADDITIONAL DETAILS...\n- At 7:45 PM CDT Sunday the stage was 27.3 feet.\n- Forecast...The river is expected to rise to a crest of 27.4\nfeet just after midnight tonight.\n- Flood stage is 23.0 feet.\n- http://www.weather.gov/safety/flood']"
4,MO,"Cooper, MO; Saline, MO",Flood Warning,Severe,Observed,Immediate,2022-06-05T19:54:00-05:00,2022-06-07T02:50:00-05:00,"['* WHAT...Minor flooding is occurring and minor flooding is forecast.', '* WHERE...Blackwater River near Blue Lick.', '* WHEN...Until early Tuesday morning.', '* IMPACTS...At 24.0 feet, Cropland and pastures along the river\nflood.', '* ADDITIONAL DETAILS...\n- At 7:45 PM CDT Sunday the stage was 26.6 feet.\n- Forecast...The river is expected to fall below flood stage\njust after midnight tonight and continue falling to 7.6 feet\nFriday evening.\n- Flood stage is 24.0 feet.\n- http://www.weather.gov/safety/flood']"
5,MO,"Bates, MO; Cass, MO; Henry, MO",Hydrologic Outlook,Unknown,Possible,Future,2022-06-05T09:56:00-05:00,,"['South Grand River at Urich', 'This hydrologic outlook is based on the forecast rainfall for the\nnext 24 hours and estimated runoff from earlier rainfall. Crests may\nvary if actual rainfall or runoff is greater or less than\nanticipated.', 'Location: South Grand River at Urich\nFlood stage: 24.0 feet\nLatest stage: 7.6 feet at 9 AM Sunday\nMaximum Forecast Stage: 24.3 feet at 7 PM Tuesday Jun 07', 'Later statements, possibly warnings, may be issued as additional\ninformation becomes available.']"
6,MO,"Cass, MO; Henry, MO; Johnson, MO",Hydrologic Outlook,Unknown,Possible,Future,2022-06-05T09:55:00-05:00,,"['Big Creek at Blairstown', 'This hydrologic outlook is based on the forecast rainfall for the\nnext 24 hours and estimated runoff from earlier rainfall. Crests may\nvary if actual rainfall or runoff is greater or less than\nanticipated.', 'Location: Big Creek at Blairstown\nFlood stage: 20.0 feet\nLatest stage: 17.2 feet at 9 AM Sunday\nMaximum Forecast Stage: 22.1 feet at 1 AM Tuesday Jun 07', 'Later statements, possibly warnings, may be issued as additional\ninformation becomes available.']"
7,MO,"Vernon, MO",Flood Warning,Severe,Observed,Immediate,2022-06-05T09:14:00-05:00,2022-06-06T11:04:00-05:00,"['* WHAT...Minor flooding is occurring.', '* WHERE...Little Osage River near Horton.', '* WHEN...Until late tomorrow morning.', '* IMPACTS...At 41.0 feet, minor flooding affects low lying areas\nnear the gage site and farmland along the river.', '* ADDITIONAL DETAILS...\n- At 8:45 AM CDT Sunday the stage was 41.4 feet.\n- Recent Activity...The maximum river stage in the 24 hours\nending at 8:45 AM CDT Sunday was 44.0 feet.\n- Forecast...The river is expected to fall below flood stage\nlate this morning and continue falling to 37.1 feet Friday\nmorning.\n- Flood stage is 41.0 feet.\n- Flood History...This crest compares to a previous crest of\n41.3 feet on 05/21/2011.\n- http://www.weather.gov/safety/flood']"
8,MO,"Alexander, IL; Jackson, IL; Union, IL; Cape Girardeau, MO; Perry, MO; Scott, MO",Flood Warning,Severe,Observed,Immediate,2022-06-04T20:28:00-05:00,2022-06-06T19:00:00-05:00,"['* WHAT...Minor flooding is forecast.', '* WHERE...Mississippi River at Cape Girardeau.', '* WHEN...From late Sunday night to Monday evening.', '* IMPACTS...At 32.0 feet, Minor flooding occurs.  The Mississippi\nRiver backs into several creeks producing flooding.', '* ADDITIONAL DETAILS...\n- At 8:00 PM CDT Saturday the stage was 30.6 feet.\n- Forecast...The river is expected to rise above flood stage\nearly Monday morning to a crest of 32.0 feet early Monday\nmorning. It will then fall below flood stage early Monday\nafternoon.\n- Flood stage is 32.0 feet.']"
9,MO,"Jefferson, MO; St. Louis, MO",Flood Warning,Severe,Observed,Immediate,2022-06-04T10:14:00-05:00,2022-06-06T19:00:00-05:00,"['* WHAT...Minor flooding is forecast.', '* WHERE...Meramec River near Arnold.', '* WHEN...Until Monday evening.', '* IMPACTS...At 24.0 feet, Corisande Hills Road begins flooding at\nthis height.  Meramec Bottom Road between Hageman Road and Highway\n21 begins flooding.', '* ADDITIONAL DETAILS...\n- At 9:30 AM CDT Saturday the stage was 23.9 feet.\n- Forecast...The river is expected to rise above flood stage\nthis afternoon to a crest of 24.1 feet this evening. It will\nthen fall below flood stage early tomorrow afternoon.\n- Flood stage is 24.0 feet.']"
10,MO,"Calhoun, IL; Pike, MO",Flood Warning,Severe,Observed,Immediate,2022-06-01T21:18:00-05:00,2022-06-07T19:00:00-05:00,"['* WHAT...Minor flooding is occurring and minor flooding is forecast.', '* WHERE...Mississippi River at Clarksville.', '* WHEN...Until Tuesday evening.', '* IMPACTS...At 27.2 feet, Silo Park just northwest of Clarksville\noff Highway 79 begins flooding.', '* ADDITIONAL DETAILS...\n- At 9:00 PM CDT Wednesday the stage was 25.7 feet.\n- Recent Activity...The maximum river stage in the 24 hours\nending at 9:00 PM CDT Wednesday was 25.7 feet.\n- Forecast...The river is expected to rise to a crest of 27.2\nfeet tomorrow evening. It will then fall below flood stage\nearly Monday afternoon.\n- Flood stage is 25.0 feet.']"
0,MT,"Ravalli, MT",Flood Advisory,Minor,Likely,Expected,2022-06-05T10:46:00-06:00,2022-06-07T18:00:00-06:00,"['* WHAT...Flooding caused by rain and snowmelt continues.', '* WHERE...Ravalli County along the Bitterroot River, especially near\nBell Crossing and Victor.', '* WHEN...Until 600 PM MDT Tuesday.', '* IMPACTS...Minor flooding in low-lying and poor drainage areas.', '* ADDITIONAL DETAILS...\n- At 1044 AM MDT, Minor flooding is ongoing or expected to\nbegin shortly in the advisory area.\n- http://www.weather.gov/safety/flood']"
1,MT,"Missoula, MT; Ravalli, MT",Hydrologic Outlook,Unknown,Possible,Future,2022-06-05T10:41:00-06:00,,"['Timing of the event - Today through Tuesday evening.', 'Snowmelt combined with precipitation through Tuesday will\nincrease river flows on the Clark Fork and Bitterroot Rivers. The\nClark Fork above Missoula is forecast to rise to around minor flood\nstage of 7.5 feet by Monday, and the Bitterroot River near Missoula\nis forecast to rise to near flood stage of 11.0 feet very early\nMonday morning.']"
2,MT,"Missoula, MT; Ravalli, MT",Hydrologic Outlook,Unknown,Possible,Future,2022-06-04T09:47:00-06:00,,"['Timing of the event - Sunday into Tuesday', 'Snowmelt combined with precipitation Saturday into Tuesday will\nincrease river flows on the Clark Fork and Bitterroot Rivers. The\nClark Fork above Missoula is forecast to rise to around minor flood\nstage of 7.5 feet by Monday or Tuesday, and the Bitterroot River at\nBell Crossing near Victor is forecast to rise to just above minor\nflood stage of 11.5 feet as early as Sunday night.']"
0,NE,Monona; Harrison; Pottawattamie; Mills; Thurston; Pierce; Wayne; Boone; Madison; Stanton; Cuming; Burt; Platte; Colfax; Dodge; Washington; Butler; Saunders; Douglas; Sarpy; Seward; Lancaster; Cass,Dense Fog Advisory,Moderate,Likely,Expected,2022-06-06T05:01:00-05:00,2022-06-06T10:00:00-05:00,"['* WHAT...Visibility of a quarter mile or less in dense fog.', '* WHERE...Portions of east central, northeast and southeast\nNebraska and southwest and west central Iowa.', '* WHEN...Until 10 AM CDT this morning.', '* IMPACTS...Hazardous driving conditions due to low visibility.']"
1,NE,Shelby; Montgomery; Saline,Dense Fog Advisory,Moderate,Likely,Expected,2022-06-06T05:01:00-05:00,2022-06-06T10:00:00-05:00,"['* WHAT...Visibility of a quarter mile or less in dense fog.', '* WHERE...In Nebraska, Saline County. In Iowa, Shelby and\nMontgomery Counties.', '* WHEN...Until 10 AM CDT this morning.', '* IMPACTS...Hazardous driving conditions due to low visibility.']"
2,NE,Valley; Greeley; Nance; Howard; Merrick; Polk; Hall; Hamilton; York,Dense Fog Advisory,Moderate,Likely,Expected,2022-06-06T04:12:00-05:00,2022-06-06T09:00:00-05:00,"['* WHAT...Visibility of a quarter mile or less in dense fog.', '* WHERE...Valley, Greeley, Nance, Howard, Merrick, Polk, Hall,\nHamilton and York Counties.', '* WHEN...Until 9 AM CDT this morning.', '* IMPACTS...Hazardous driving conditions due to low visibility.']"
0,NM,Guadalupe Mountains of Eddy County; Howard; Mitchell; Winkler; Ector; Midland; Glasscock; Crane; Upton; Reagan; Pecos; Guadalupe and Delaware Mountains; Chinati Mountains; Marfa Plateau; Davis Mountains; Davis Mountains Foothills; Central Brewster County; Chisos Basin,Heat Advisory,Moderate,Likely,Expected,2022-06-06T02:40:00-05:00,2022-06-06T20:00:00-05:00,"['CCA', '* WHAT...Temperatures up to 105 to 109, except 95-99 in the\nmountains.', '* WHERE...Portions of southeast New Mexico and southwest and\nwestern Texas.', '* WHEN...From 1 PM CDT /noon MDT/ this afternoon to 8 PM CDT /7\nPM MDT/ this evening.', '* IMPACTS...Hot temperatures may cause heat illnesses to occur.']"
1,NM,Southwest Mountains; Lower Rio Grande Valley; South Central Highlands; San Agustin Plains and Adjacent Lowlands,Air Quality Alert,Unknown,Unknown,Unknown,2022-06-05T15:37:00-06:00,,"['The following message is transmitted at the request of the New Mexico\nDepartments of Health and Environment, United States Forest Service\nand the Interagency Wildland Fire Air Quality Response Program.', '* WHAT...Localized areas of unhealthy air quality will continue for\nareas near the Black Fire in the Gila National Forest. New and\nresidual smoke here will be transported toward the east and\nsoutheast later today and into the evening. Outside the immediate\nBlack Fire area, smoke impacts in the state are not expected to be\nwidespread or significant.', '* WHERE...Significant impacts will be localized across western\nSocorro, Catron, northeast Grant, northern Dona Ana, and far\nwestern Sierra counties. More details on impacted locations and\nlatest air quality information can be found at:\nhttps://fire.airnow.gov', '* WHEN...Remainder of this afternoon through at least 1 pm MDT,\nMonday, June 6th.', '* IMPACTS...Those with conditions such as asthma, chronic obstructive\npulmonary disease, interstitial lung disease, lung cancer, and heart\ndisease will be especially vulnerable to impacts from poor air\nquality, as will adults over age 65, young children, and pregnant\nwomen if smoke concentrations become unhealthy.', '* HEALTH INFORMATION...Remember, your eyes are your best tools to\ndetermine if it is safe to be outside. Use the 5-3-1 Method available\nat https://nmtracking.doh.nm.gov/environment/air/FireAndSmoke.html.', 'If visibility is:', 'Under 5 miles, the air quality is unhealthy for young children,\nadults over age 65, pregnant women, and people with heart\nand/or lung disease, asthma or other respiratory illness.\nOutdoor activity should be minimized.', 'Around 3 miles, young children, adults over age 65, pregnant\nwomen, and people with heart and/or lung disease, asthma or other\nrespiratory illness should avoid all outdoor activities.', 'Around 1 mile, the air quality is unhealthy for everyone. People\nshould remain indoors and avoid all outdoor activities including\nrunning errands. Unless an evacuation has been issued, stay inside\nyour home, indoor workplace, or in a safe shelter.', 'With the ongoing COVID-19 pandemic affecting New Mexico and with the\nwildfire season underway, New Mexicans will need to take extra\nprecautions. Smoke from wildfires may cause people to have more\nsevere reactions if they are infected COVID-19. The best way to\nprotect against the potentially harmful effects of wildfire smoke and\nto reduce the spread of COVID-19 is to stay home and create a clean\nindoor air space. NMDOH offers tips here:', 'https://nmtracking.doh.nm.gov/environment/air/IndoorQuality.html and\nhttps://cv.nmhealth.org', 'New Mexicans will also need to take steps to keep their homes cool to\navoid heat-related illnesses. NMDOH offers tips here:', 'https://nmtracking.doh.nm.gov/health/climate/HeatIllness.html.', 'For smoke forecast outlooks from the Interagency Wildland Fire Air\nQuality Response Program please visit:', 'https://outlooks.wildlandfiresmoke.net.']"
2,NM,Southern Gila Highlands/Black Range; Southern Gila Foothills/Mimbres Valley; Eastern Black Range Foothills; Sierra County Lakes; Northern Dona Ana County,Air Quality Alert,Unknown,Unknown,Unknown,2022-06-05T14:34:00-06:00,,"['The New Mexico Departments of Health and Environment has issued an\nAir Quality Alert, until 1 PM MDT Monday.', '* WHAT... Localized areas of unhealthy air quality will continue for\nareas near the Black fire in the Gila National Forest. New and\nresidual smoke here will be transported toward the east and\nsoutheast later today and into the evening. Outside the immediate\nBlack fire area, smoke impacts in the state are not expected to be\nwidespread or significant.', '* WHERE... Moderate impacts will be localized across western\nSocorro, Catron, northeast Grant, northern Dona Ana, and far\nwestern Sierra counties. More details on impacted locations and\nlatest air quality information can be found at\nhttps://fire.airnow.gov', '* WHEN... Remainder of this afternoon through at least 1 PM MDT\nMonday, June 6.']"
0,NC,East Carteret; Coastal Onslow; Ocracoke Island,Beach Hazards Statement,Moderate,Likely,Expected,2022-06-06T04:34:00-04:00,2022-06-06T20:00:00-04:00,"['* WHAT...Dangerous rip currents.', '* WHERE...Ocracoke Island, Core Banks, and Onslow County beaches,\nas well as south-facing beaches on Cape Hatteras.', '* WHEN...Through this evening.', '* IMPACTS...Rip currents can sweep even the best swimmers away\nfrom shore into deeper water.', '* ADDITIONAL DETAILS...The most likely time for strong rip\ncurrents to occur is a couple hours either side of low tide,\nwhich will occur around 7:00 AM and 7:00 PM.']"
1,NC,Northern Outer Banks; Hatteras Island,Beach Hazards Statement,Moderate,Likely,Expected,2022-06-06T04:34:00-04:00,2022-06-06T20:00:00-04:00,"['* WHAT...Dangerous rip currents.', '* WHERE...The beaches north of Cape Hatteras.', '* WHEN...Through this evening.', '* IMPACTS...Rip currents can sweep even the best swimmers away\nfrom shore into deeper water.', '* ADDITIONAL DETAILS...The most likely time for strong rip\ncurrents to occur is a couple hours either side of low tide,\nwhich will occur around 7:00 AM and 7:00 PM.']"
2,NC,Coastal Pender; Coastal New Hanover; Coastal Horry; Coastal Georgetown,Rip Current Statement,Moderate,Likely,Expected,2022-06-06T03:48:00-04:00,2022-06-06T20:00:00-04:00,"['* WHAT...Dangerous rip currents expected.', '* WHERE...In South Carolina, Coastal Horry and Coastal\nGeorgetown Counties. In North Carolina, Coastal Pender and\nCoastal New Hanover Counties.', '* WHEN...Monday.', '* IMPACTS...Rip currents can sweep even the best swimmers away\nfrom shore into deeper water.']"
3,NC,Eastern Currituck; Virginia Beach,Beach Hazards Statement,Moderate,Likely,Expected,2022-06-06T03:46:00-04:00,2022-06-06T20:00:00-04:00,"['* WHAT...High risk of rip currents.', '* WHERE...In Virginia, Virginia Beach. In North Carolina,\nEastern Currituck County.', '* WHEN...From 8 AM EDT this morning through this evening.', '* IMPACTS...Breaking waves of 4 to 5 feet will result in rough\nsurf conditions and a high risk of rip currents.']"
0,ND,"Polk, MN; Grand Forks, ND",Flood Warning,Severe,Observed,Immediate,2022-06-05T20:19:00-05:00,2022-06-13T19:00:00-05:00,"['* WHAT...Minor flooding is occurring and minor flooding is forecast.', '* WHERE...Red River of the North at East Grand Forks.', '* WHEN...Until Monday, June 13.', '* IMPACTS...At 33.0 feet, Agricultural flooding begins along the Red\nRiver of the North between Grand Forks (River Mile 296) and Oslo\n(River Mile 271).', '\n* ADDITIONAL DETAILS...\n- At 7:45 PM CDT Sunday the stage was 31.4 feet.\n- Recent Activity...The maximum river stage in the 24 hours\nending at 7:45 PM CDT Sunday was 31.9 feet.\n- Forecast...The river is expected to fall below flood stage\nearly Sunday afternoon and continue falling to 27.8 feet\nSunday evening.\n- Flood stage is 28.0 feet.']"
1,ND,"Wilkin, MN; Richland, ND",Flood Warning,Severe,Observed,Immediate,2022-06-05T20:19:00-05:00,2022-06-09T19:00:00-05:00,"['* WHAT...Minor flooding is occurring and minor flooding is forecast.', '* WHERE...Red River of the North at Wahpeton.', '* WHEN...Until Thursday evening.', '* IMPACTS...At 12.0 feet, Storm sewer valves are closed and interior\npumping begins (Breckenridge).', '* ADDITIONAL DETAILS...\n- At 7:30 PM CDT Sunday the stage was 12.0 feet.\n- Recent Activity...The maximum river stage in the 24 hours\nending at 7:30 PM CDT Sunday was 12.3 feet.\n- Forecast...The river is expected to fall below flood stage\nearly Wednesday afternoon and continue falling to 10.6 feet\nSunday evening.\n- Flood stage is 11.0 feet.']"
2,ND,"Clay, MN; Cass, ND",Flood Warning,Severe,Observed,Immediate,2022-06-05T20:19:00-05:00,,"['* WHAT...Minor flooding is occurring and minor flooding is forecast.', '* WHERE...Red River of the North at Fargo.', '* WHEN...Until further notice.', '* IMPACTS...At 23.0 feet, North Broadway bridge floods\n(Fargo/Moorhead).', '* ADDITIONAL DETAILS...\n- At 7:15 PM CDT Sunday the stage was 23.0 feet.\n- Recent Activity...The maximum river stage in the 24 hours\nending at 7:15 PM CDT Sunday was 23.1 feet.\n- Forecast...The river is expected to hover near 23.1 feet\nthrough Monday.\n- Flood stage is 18.0 feet.']"
3,ND,"Kittson, MN; Marshall, MN; Pembina, ND; Walsh, ND",Flood Warning,Severe,Observed,Immediate,2022-06-05T20:19:00-05:00,,"['* WHAT...Minor flooding is occurring and minor flooding is forecast.', '* WHERE...Red River of the North at Drayton.', '* WHEN...Until further notice.', '* IMPACTS...At 38.0 feet, MODERATE FLOOD.', '* ADDITIONAL DETAILS...\n- At 7:45 PM CDT Sunday the stage was 37.3 feet.\n- Recent Activity...The maximum river stage in the 24 hours\nending at 7:45 PM CDT Sunday was 37.5 feet.\n- Forecast...The river is expected to fall to 33.4 feet Sunday\nevening.\n- Flood stage is 32.0 feet.']"
4,ND,"Kittson, MN; Pembina, ND",Flood Warning,Severe,Observed,Immediate,2022-06-05T20:19:00-05:00,,"['* WHAT...Moderate flooding is occurring and moderate flooding is\nforecast.', '* WHERE...Red River of the North at Pembina.', '* WHEN...Until further notice.', '* IMPACTS...At 45.0 feet, Urban damage to Saint Vincent.', '* ADDITIONAL DETAILS...\n- At 7:30 PM CDT Sunday the stage was 44.8 feet.\n- Recent Activity...The maximum river stage in the 24 hours\nending at 7:30 PM CDT Sunday was 45.3 feet.\n- Forecast...The river is expected to fall to 40.5 feet Sunday\nevening.\n- Flood stage is 39.0 feet.']"
5,ND,"Marshall, MN; Polk, MN; Grand Forks, ND; Walsh, ND",Flood Warning,Severe,Observed,Immediate,2022-06-05T20:19:00-05:00,,"['* WHAT...Moderate flooding is occurring and moderate flooding is\nforecast.', '* WHERE...Red River of the North at Oslo.', '* WHEN...Until further notice.', '* IMPACTS...At 30.0 feet, MODERATE FLOOD.', '* ADDITIONAL DETAILS...\n- At 7:15 PM CDT Sunday the stage was 30.6 feet.\n- Recent Activity...The maximum river stage in the 24 hours\nending at 7:15 PM CDT Sunday was 30.9 feet.\n- Forecast...The river is expected to fall to 27.4 feet Sunday\nevening.\n- Flood stage is 26.0 feet.']"
6,ND,"Polk, MN; Grand Forks, ND",Flood Warning,Severe,Observed,Immediate,2022-06-03T20:36:00-05:00,2022-06-11T19:00:00-05:00,"['* WHAT...Minor flooding is occurring and minor flooding is forecast.', '* WHERE...Red River of the North at East Grand Forks.', '* WHEN...Until Saturday, June 11.', '* IMPACTS...At 33.0 feet, Agricultural flooding begins along the Red\nRiver of the North between Grand Forks (River Mile 296) and Oslo\n(River Mile 271).', '\n* ADDITIONAL DETAILS...\n- At 7:45 PM CDT Friday the stage was 31.9 feet.\n- Recent Activity...The maximum river stage in the 24 hours\nending at 7:45 PM CDT Friday was 31.9 feet.\n- Forecast...The river is expected to rise to a crest of 32.2\nfeet tomorrow morning. It will then fall below flood stage\nearly Friday afternoon.\n- Flood stage is 28.0 feet.']"
7,ND,"Cass, ND",Flood Warning,Severe,Observed,Immediate,2022-05-30T10:20:00-05:00,2022-06-06T19:00:00-05:00,"['* WHAT...Minor flooding is occurring and minor flooding is forecast.', '* WHERE...Sheyenne River Diversion at West Fargo.', '* WHEN...Until Monday evening.', '* IMPACTS...At 20.0 feet, MODERATE FLOOD.', '* ADDITIONAL DETAILS...\n- At 9:15 AM CDT Monday the stage was 19.3 feet.\n- Recent Activity...The maximum river stage in the 24 hours\nending at 9:15 AM CDT Monday was 19.5 feet.\n- Forecast...The river is expected to rise to a crest of 19.3\nfeet tomorrow morning. It will then fall below flood stage\nearly Sunday afternoon.\n- Flood stage is 18.0 feet.']"
0,OK,"Haskell, OK; McIntosh, OK; Muskogee, OK; Okfuskee, OK; Okmulgee, OK; Sequoyah, OK",Flood Advisory,Minor,Likely,Expected,2022-06-06T04:44:00-05:00,2022-06-06T07:45:00-05:00,"['* WHAT...Flooding caused by excessive rainfall is expected.', '* WHERE...Portions of east central Oklahoma, northeast Oklahoma and\nsoutheast Oklahoma, including the following counties, in east\ncentral Oklahoma, Muskogee, Okfuskee and Sequoyah. In northeast\nOklahoma, Okmulgee. In southeast Oklahoma, Haskell and McIntosh.', '* WHEN...Until 745 AM CDT.', '* IMPACTS...Minor flooding in low-lying and poor drainage areas.', '* ADDITIONAL DETAILS...\n- At 444 AM CDT, Doppler radar indicated heavy rain due to a\nband of thunderstorms. Minor flooding is ongoing or expected\nto begin shortly in the advisory area. Between 1 and 2 inches\nof rain have fallen.\n- Additional rainfall amounts of 0.5 to 1 inch are expected\nover the area. This additional rain will result in minor\nflooding.\n- Some locations that will experience flooding include...\nOkmulgee...                        Sallisaw...\nOkfuskee...                        Henryetta...\nMuldrow...                         Checotah...\nRoland...                          Warner...\nMorris...                          Vian...\nGore...                            Dewar...\nPorum...                           Webbers Falls...\nSchulter...                        Oktaha...\nGans...                            Marble City...\nTamaha...                          Grayson...\n- http://www.weather.gov/safety/flood']"
1,OK,"Ottawa, OK",Flood Warning,Severe,Observed,Immediate,2022-06-06T02:26:00-05:00,2022-06-10T04:49:00-05:00,"['* WHAT...Minor flooding is forecast.', '* WHERE...Neosho River near Commerce.', '* WHEN...Until early Friday morning.', '* IMPACTS...At 18.0 feet, moderate agricultural flooding occurs with\nRiverview Park experiencing minor to moderate flooding. Low lying\nplaces around Miami may be cut off from easy access.', '* ADDITIONAL DETAILS...\n- At 1:30 AM CDT Monday the stage was 11.2 feet.\n- Forecast...The river is expected to rise above flood stage\nlate tonight to a crest of 17.8 feet early Wednesday morning.\nIt will then fall below flood stage late Thursday evening.\n- Flood stage is 15.0 feet.\n- http://www.weather.gov/safety/flood']"
0,PR,North Central,Heat Advisory,Moderate,Likely,Expected,2022-06-06T04:44:00-04:00,2022-06-06T16:00:00-04:00,"['* WHAT...Heat index values to around 100 to 110 degrees\nFahrenheit expected.', '* WHERE...North Central portions of Puerto Rico.', '* WHEN...From 10 AM this morning to 4 PM AST this afternoon.', '* IMPACTS...Hot temperatures and high humidity may cause heat\nillnesses to occur.']"
0,SC,Coastal Pender; Coastal New Hanover; Coastal Horry; Coastal Georgetown,Rip Current Statement,Moderate,Likely,Expected,2022-06-06T03:48:00-04:00,2022-06-06T20:00:00-04:00,"['* WHAT...Dangerous rip currents expected.', '* WHERE...In South Carolina, Coastal Horry and Coastal\nGeorgetown Counties. In North Carolina, Coastal Pender and\nCoastal New Hanover Counties.', '* WHEN...Monday.', '* IMPACTS...Rip currents can sweep even the best swimmers away\nfrom shore into deeper water.']"
0,SD,"Spink, SD",Flood Warning,Severe,Observed,Immediate,2022-06-05T11:12:00-05:00,,"['* WHAT...Major flooding is occurring and major flooding is forecast.', '* WHERE...James River at Ashton.', '* WHEN...Until further notice.', '* IMPACTS...At 19.0 feet, water reaches the bottom of the bridge 2\nmiles south and 1 mile east of Ashton.', '* ADDITIONAL DETAILS...\n- At 9:45 AM CDT Sunday the stage was 17.1 feet.\n- Recent Activity...The maximum river stage in the 24 hours\nending at 9:45 AM CDT Sunday was 17.1 feet.\n- Forecast...The river is expected to rise to 17.9 feet next\nSunday morning. Additional rises are possible thereafter.\n- Flood stage is 13.0 feet.\n- http://www.weather.gov/safety/flood']"
1,SD,"Brown, SD",Flood Warning,Severe,Observed,Immediate,2022-06-05T11:12:00-05:00,,"['* WHAT...Major flooding is occurring and major flooding is forecast.', '* WHERE...James River at Columbia.', '* WHEN...Until further notice.', '* IMPACTS...At 18.0 feet, 117th St between 395th and 400th Ave is\nflooded.', '* ADDITIONAL DETAILS...\n- At 10:16 AM CDT Sunday the stage was 18.1 feet.\n- Recent Activity...The maximum river stage in the 24 hours\nending at 10:16 AM CDT Sunday was 18.1 feet.\n- Forecast...The river is expected to remain at the crest of\n18.1 feet through Monday morning, before beginning a slow\nfall.\n- Flood stage is 13.0 feet.\n- http://www.weather.gov/safety/flood']"
2,SD,"Brown, SD; Spink, SD",Flood Warning,Severe,Observed,Immediate,2022-06-05T11:12:00-05:00,,"['* WHAT...Moderate flooding is occurring and major flooding is\nforecast.', '* WHERE...James River near Stratford.', '* WHEN...Until further notice.', '* IMPACTS...At 18.5 feet, 395th Avenue is flooded and the road and\nbridge on 146th Street is under water.', '* ADDITIONAL DETAILS...\n- At 9:45 AM CDT Sunday the stage was 18.3 feet.\n- Recent Activity...The maximum river stage in the 24 hours\nending at 9:45 AM CDT Sunday was 18.3 feet.\n- Forecast...The river is expected to rise to a crest of 18.5\nfeet early Thursday morning.\n- Flood stage is 14.0 feet.\n- http://www.weather.gov/safety/flood']"
3,SD,"Sanborn, SD",Flood Warning,Severe,Likely,Expected,2022-06-05T10:28:00-05:00,,"['* WHAT...Minor flooding is occurring and moderate flooding is\nforecast.', '* WHERE...James River near Forestburg.', '* WHEN...Until further notice.', '* IMPACTS...At 14.0 feet, many of the county and township roads\nalong the river are under water.', '* ADDITIONAL DETAILS...\n- At 9:15 AM CDT Sunday the stage was 13.7 feet.\n- Recent Activity...The maximum river stage in the 24 hours\nending at 9:15 AM CDT Sunday was 13.7 feet.\n- Forecast...The river is expected to remain steady above flood\nstage at 13.7 feet.\n- Flood stage is 12.0 feet.']"
4,SD,"Davison, SD; Hanson, SD",Flood Warning,Severe,Observed,Immediate,2022-06-05T10:28:00-05:00,,"['* WHAT...Minor flooding is occurring and minor flooding is forecast.', '* WHERE...James River near Mitchell.', '* WHEN...Until further notice.', '* IMPACTS...At 20.0 feet, the higher banks overflow.', '* ADDITIONAL DETAILS...\n- At 9:45 AM CDT Sunday the stage was 17.9 feet.\n- Recent Activity...The maximum river stage in the 24 hours\nending at 9:45 AM CDT Sunday was 17.9 feet.\n- Forecast...The river is expected to rise to 18.7 feet early\nFriday afternoon. Additional rises are possible thereafter.\n- Flood stage is 17.0 feet.']"
5,SD,"Beadle, SD",Flood Warning,Severe,Observed,Immediate,2022-06-05T10:28:00-05:00,,"['* WHAT...Moderate flooding is occurring and moderate flooding is\nforecast.', '* WHERE...James River at Huron.', '* WHEN...Until further notice.', '* IMPACTS...At 14.0 feet, numerous county and township roads in\nBeadle County will be flooded.', '* ADDITIONAL DETAILS...\n- At 9:00 AM CDT Sunday the stage was 13.0 feet.\n- Recent Activity...The maximum river stage in the 24 hours\nending at 9:00 AM CDT Sunday was 13.0 feet.\n- Forecast...The river is expected to remain steady above flood\nstage at 13.0 feet.\n- Flood stage is 11.0 feet.']"
0,TX,Bee; Goliad; Victoria; Inland San Patricio; Coastal Aransas; Inland Refugio; Inland Calhoun; Coastal Kleberg; Coastal Nueces; Coastal San Patricio; Coastal Refugio; Coastal Calhoun,Special Weather Statement,Moderate,Observed,Expected,2022-06-06T07:22:00-05:00,,"['The combination of warm temperatures and high dewpoints will\nproduce heat indices between 105 and 109 degrees this afternoon\nover the Victoria Crossroads and portions of the Coastal Bend.\nResidents with outdoor activities planned are urged to drink\nplenty of water, wear light weight and light colored clothing and\ntake frequent breaks from the heat. Young children and pets should\nnever be left unattended in vehicles under any circumstances.\nThis is especially true during warm or hot weather when car\ninteriors can reach lethal temperatures in a matter of minutes.']"
1,TX,Llano; Burnet; Williamson; Val Verde; Edwards; Real; Kerr; Bandera; Gillespie; Kendall; Blanco; Hays; Travis; Bastrop; Kinney; Uvalde; Medina; Bexar; Comal; Guadalupe; Caldwell; Maverick; Zavala; Frio; Atascosa; Wilson; Karnes; Gonzales; Dimmit,Heat Advisory,Moderate,Likely,Expected,2022-06-06T05:29:00-05:00,2022-06-06T20:00:00-05:00,"['* WHAT...Air temperature of 100 to 105 degrees across the I-35\ncorridor and Hill Country and 105 to 112 degrees across the Rio\nGrande Plains.', '* WHERE...Portions of south central Texas.', '* WHEN...From 1 PM to 8 PM CDT Monday.', '* IMPACTS...Hot temperatures may cause heat illnesses to occur.']"
2,TX,Zapata; Jim Hogg; Starr; Southern Hidalgo; Northern Hidalgo,Special Weather Statement,Moderate,Observed,Expected,2022-06-06T04:05:00-05:00,,"['The combination of above normal temperatures and higher dewpoints\nwill produce elevated heat indices between 106 and 110 degrees\ntoday. There may be a few locations near the Rio Grande that may\napproach 112 degrees for an hour or two between 1 and 4 PM.\nResidents with outdoor activities planned are urged to drink\nplenty of water, wear light weight and light colored clothing and\ntake frequent breaks from the heat. Young children and pets should\nnever be left unattended in vehicles under any circumstances.\nThis is especially true during warm or hot weather when car\ninteriors can reach lethal temperatures in a matter of minutes.']"
3,TX,La Salle; McMullen; Live Oak; Webb; Duval; Jim Wells; Inland Kleberg; Inland Nueces,Heat Advisory,Moderate,Likely,Expected,2022-06-06T04:03:00-05:00,2022-06-06T19:00:00-05:00,"['* WHAT...Heat index values up to 113 expected.', '* WHERE...La Salle, McMullen, Live Oak, Webb, Duval, Jim Wells,\nInland Kleberg and Inland Nueces Counties.', '* WHEN...From 1 PM this afternoon to 7 PM CDT this evening.', '* IMPACTS...Hot temperatures and high humidity may cause heat\nillnesses to occur.']"
4,TX,Nolan; Sterling; Coke; Runnels; Irion; Tom Green; Concho; Crockett; Schleicher; Sutton; Taylor; Callahan; Coleman; Brown; McCulloch; San Saba; Menard; Kimble; Mason,Excessive Heat Warning,Severe,Likely,Expected,2022-06-06T03:21:00-05:00,2022-06-06T21:00:00-05:00,"['* WHAT...Temperatures of 105-109 degrees', '* WHERE...Areas south of I-20 including the southern Big Country,\nConcho Valley, Heartland, Northern Edwards Plateau, and\nNorthwest Hill Country', '* WHEN...From 1 PM this afternoon to 9PM this evening', '* IMPACTS...Extreme heat will create an increased likelihood of\nheat related illnesses, including heat stroke and heat\nexhaustion, particularly for those working or participating in\noutdoor activities.']"
5,TX,Fisher; Haskell; Throckmorton; Jones; Shackelford,Heat Advisory,Moderate,Likely,Expected,2022-06-06T03:21:00-05:00,2022-06-06T21:00:00-05:00,"['* WHAT...Temperatures of 101-104 degrees', '* WHERE... The northern Big Country - including Fisher, Jones,\nShackelford, Haskell, and Throckmorton Counties', '* WHEN...From 1 PM this afternoon to 9 PM this evening', '* IMPACTS...Increased risk of heat related illnesses including\nheat stroke and heat exhaustion.']"
6,TX,Terrell; Lower Brewster County,Excessive Heat Warning,Severe,Likely,Expected,2022-06-06T02:40:00-05:00,2022-06-06T20:00:00-05:00,"['CCA', '* WHAT...Dangerously hot conditions with temperatures of 110 to\n115.', '* WHERE...Terrell and Lower Brewster Counties.', '* WHEN...From 1 PM this afternoon to 8 PM CDT this evening.', '* IMPACTS...Extreme heat will significantly increase the\npotential for heat related illnesses, particularly for those\nworking or participating in outdoor activities.']"
7,TX,Guadalupe Mountains of Eddy County; Howard; Mitchell; Winkler; Ector; Midland; Glasscock; Crane; Upton; Reagan; Pecos; Guadalupe and Delaware Mountains; Chinati Mountains; Marfa Plateau; Davis Mountains; Davis Mountains Foothills; Central Brewster County; Chisos Basin,Heat Advisory,Moderate,Likely,Expected,2022-06-06T02:40:00-05:00,2022-06-06T20:00:00-05:00,"['CCA', '* WHAT...Temperatures up to 105 to 109, except 95-99 in the\nmountains.', '* WHERE...Portions of southeast New Mexico and southwest and\nwestern Texas.', '* WHEN...From 1 PM CDT /noon MDT/ this afternoon to 8 PM CDT /7\nPM MDT/ this evening.', '* IMPACTS...Hot temperatures may cause heat illnesses to occur.']"
8,TX,Terrell; Lower Brewster County,Excessive Heat Warning,Severe,Likely,Expected,2022-06-06T02:37:00-05:00,2022-06-06T20:00:00-05:00,"['* WHAT...Dangerously hot conditions with temperatures of 110 to\n115.', '* WHERE...Terrell and Lower Brewster Counties.', '* WHEN...From 1 PM this afternoon to 8 PM CDT this evening.', '* IMPACTS...Extreme heat will significantly increase the\npotential for heat related illnesses, particularly for those\nworking or participating in outdoor activities.']"
0,VA,Eastern Currituck; Virginia Beach,Beach Hazards Statement,Moderate,Likely,Expected,2022-06-06T03:46:00-04:00,2022-06-06T20:00:00-04:00,"['* WHAT...High risk of rip currents.', '* WHERE...In Virginia, Virginia Beach. In North Carolina,\nEastern Currituck County.', '* WHEN...From 8 AM EDT this morning through this evening.', '* IMPACTS...Breaking waves of 4 to 5 feet will result in rough\nsurf conditions and a high risk of rip currents.']"
